Date,Close,High,Low,Open,Volume
8/2/2021,236.5566711,242.3133392,232.8000031,233.3333282,100847400
8/3/2021,236.5800018,240.8833313,233.6699982,239.6666718,64860900
8/4/2021,236.9733276,241.6333313,236.3099976,237,51007800
8/5/2021,238.2100067,240.3166656,237.136673,238.6666718,38758800
8/6/2021,233.0333405,238.7766724,232.543335,237.3000031,46869000
8/9/2021,237.9199982,239.6766663,235.043335,236.7233276,44145900
8/10/2021,236.6633301,238.863327,233.9600067,237.9966736,40296900
8/11/2021,235.9400024,238.3933258,234.7366638,237.5700073,29401800
8/12/2021,240.75,240.9333344,233.1333313,235.4466705,52377300
8/13/2021,239.0566711,243.3000031,238.113327,241.2366638,50194500
8/16/2021,228.7233276,236.5,225.4666595,235.0233307,68032200
8/17/2021,221.9033356,224.8600006,216.2799988,224.2200012,71163900
8/18/2021,229.6633301,231.9233398,223.1166687,223.25,61048200
8/19/2021,224.4900055,228.8500061,222.5299988,226.0700073,42940500
8/20/2021,226.7533264,230.7100067,224.5666656,227.6166687,44525700
8/23/2021,235.4333344,237.3766632,226.9166718,228.4799957,60794700
8/24/2021,236.1633301,238.406662,234.2133331,236.8933258,39249300
8/25/2021,237.0666656,238.9900055,234.6666718,235.6766663,37936800
8/26/2021,233.7200012,238.4666595,232.5399933,236.1033325,39642900
8/27/2021,237.3066711,238.3333282,234.0333405,235,41501400
8/30/2021,243.636673,243.6666718,237.5766602,238.2400055,55812600
8/31/2021,245.2400055,246.7966614,242.1466675,244.3333282,62566200
9/1/2021,244.6966705,247.3300018,243.7566681,244.6933289,39612900
9/2/2021,244.1300049,246.9900055,243.5133362,244.8333282,38331900
9/3/2021,244.5233307,244.6666718,241.3999939,244.0833282,45738300
9/7/2021,250.9733276,253.3999939,246.4199982,246.6666718,60119400
9/8/2021,251.2899933,254.8166656,246.9233398,253.8600006,56379000
9/9/2021,251.6199951,254.0333405,250.543335,251.136673,42233100
9/10/2021,245.4233398,254.2033386,244.8399963,253.1999969,45552600
9/13/2021,247.6666718,248.2599945,236.2833405,246.7366638,68857500
9/14/2021,248.1633301,251.4900055,245.4666595,247.5233307,55574700
9/15/2021,251.9433289,252.2866669,246.1199951,248.3333282,46073100
9/16/2021,252.3300018,252.9700012,249.2033386,250.9433289,41770200
9/17/2021,253.1633301,253.6799927,250,252.3833313,84612600
9/20/2021,243.3899994,247.3333282,239.5399933,244.8533325,74273100
9/21/2021,246.4600067,248.2466736,243.4799957,244.9299927,48992100
9/22/2021,250.6466675,251.2233276,246.3733368,247.843338,45378900
9/23/2021,251.2133331,252.7333374,249.3066711,251.6666718,35842500
9/24/2021,258.1300049,258.2666626,248.1866608,248.6300049,64119000
9/27/2021,263.7866821,266.3333435,256.436676,257.706665,84212100
9/28/2021,259.186676,265.2133179,255.3933258,262.3999939,76144200
9/29/2021,260.436676,264.5,256.8933411,259.9333191,62828700
9/30/2021,258.4933472,263.043335,258.3333435,260.3333435,53868000
10/1/2021,258.4066772,260.2600098,254.5299988,259.4666748,51094200
10/4/2021,260.5100098,268.9899902,258.706665,265.5,91449900
10/5/2021,260.1966553,265.769989,258.0666809,261.6000061,55297800
10/6/2021,260.9166565,262.2200012,257.7399902,258.7333374,43898400
10/7/2021,264.5366821,268.3333435,261.1266785,261.8200073,57587400
10/8/2021,261.8299866,265.4599915,260.3033447,265.4033203,50215800
10/11/2021,263.980011,267.0799866,261.8333435,262.5499878,42600900
10/12/2021,268.5733337,270.7733459,265.5233459,266.9766541,66060000
10/13/2021,270.3599854,271.8033447,268.5933228,270.1566772,42360300
10/14/2021,272.7733459,273.4166565,271.1166687,271.8299866,36741600
10/15/2021,281.0100098,281.0700073,274.1166687,274.5799866,56773800
10/18/2021,290.0366821,291.7533264,283.8233337,283.9299927,72621600
10/19/2021,288.0899963,292.6499939,287.5033264,292.5100098,52143300
10/20/2021,288.6000061,289.8299866,285.793335,288.4500122,42096300
10/21/2021,298,300,285.1666565,285.3333435,94444500
10/22/2021,303.2266541,303.3333435,296.9866638,298.5,68642400
10/25/2021,341.6199951,348.3399963,314.7333374,316.8433228,188556300
10/26/2021,339.4766541,364.980011,333.813324,341.563324,187245000
10/27/2021,345.9533386,356.9599915,343.5933228,346.5533447,115579500
10/28/2021,359.0133362,360.3333435,351.3999939,356.1033325,81639600
10/29/2021,371.3333435,371.7366638,357.7366638,360.6199951,89755200
11/1/2021,402.8633423,403.25,372.8866577,381.6666565,168146100
11/2/2021,390.6666565,402.8633423,382,386.4533386,128213400
11/3/2021,404.6199951,405.1300049,384.206665,392.4433289,103885500
11/4/2021,409.9700012,414.4966736,405.6666565,411.4700012,76192200
11/5/2021,407.3633423,413.2900085,402.6666565,409.3333435,64886400
11/8/2021,387.6466675,399,377.6666565,383.2633362,100337100
11/9/2021,341.1666565,391.5,337.1733398,391.2000122,177317400
11/10/2021,355.9833374,359.3666687,329.1033325,336.8033447,128408100
11/11/2021,354.5033264,368.3233337,351.5599976,367.5899963,67189800
11/12/2021,344.4733276,351.5,339.7333374,349.1666565,76719300
11/15/2021,337.7966614,343.9933472,326.2000122,339.2099915,104326800
11/16/2021,351.5766602,352.3999939,334.0599976,334.436676,79627200
11/17/2021,363.0033264,373.2133179,351.8333435,354.5033264,94336200
11/18/2021,365.4599915,370.6666565,358.3399963,368.8500061,62696700
11/19/2021,379.019989,379.5733337,364.2333374,366.2900085,64926900
11/22/2021,385.6233215,400.6499939,377.4766541,387.4433289,99217500
11/23/2021,369.6766663,393.5,354.2333374,389.1700134,108515100
11/24/2021,372,377.5899963,354,360.1300049,67680600
11/26/2021,360.6400146,369.5933228,360.3333435,366.4899902,35042700
11/29/2021,378.9966736,380.8900146,366.730011,366.9966736,58393500
11/30/2021,381.5866699,389.3333435,372.6666565,381.456665,81276000
12/1/2021,365,390.9466553,363.5866699,386.8999939,68450400
12/2/2021,361.5333252,371,352.2166748,366.3533325,73114800
12/3/2021,338.3233337,363.5266724,333.4033203,361.5966797,92322000
12/6/2021,336.3366699,340.5466614,316.8333435,333.8366699,81663000
12/7/2021,350.5833435,352.5566711,342.269989,348.0666809,56084700
12/8/2021,356.3200073,357.4599915,344.3333435,350.9033203,41906400
12/9/2021,334.6000061,354.1633301,334.1199951,353.5466614,59438400
12/10/2021,339.0100098,340.3266602,327.5100098,336.25,59664300
12/13/2021,322.1366577,335,317.1400146,333.6966553,78595500
12/14/2021,319.5033264,322.1366577,310,315,70806300
12/15/2021,325.3299866,326.25,309.4166565,317.7366638,75169200
12/16/2021,308.9733276,331.6600037,307.2833252,331.5,82771500
12/17/2021,310.8566589,320.2200012,303.0133362,304.9233398,100437300
12/20/2021,299.980011,307.230011,297.7966614,303.5666809,56480100
12/21/2021,312.8433228,313.1666565,295.3733215,305.6233215,71517900
12/22/2021,336.2900085,338.5533447,319.0166626,321.8866577,93634200
12/23/2021,355.6666565,357.6600037,332.519989,335.6000061,92713200
12/27/2021,364.6466675,372.3333435,356.9066772,357.8900146,71145900
12/28/2021,362.8233337,373,359.4733276,369.8299866,60324000
12/29/2021,362.063324,368,354.7133179,366.2133179,56154000
12/30/2021,356.7799988,365.1833191,351.0499878,353.7766724,47040900
12/31/2021,352.2600098,360.6666565,351.5299988,357.813324,40733700
1/3/2022,399.9266663,400.3566589,378.6799927,382.5833435,103931400
1/4/2022,383.1966553,402.6666565,374.3500061,396.5166626,100248300
1/5/2022,362.706665,390.1133423,360.3366699,382.2166748,80119800
1/6/2022,354.8999939,362.6666565,340.1666565,359,90336600
1/7/2022,342.3200073,360.3099976,336.6666565,360.1233215,84164700
1/10/2022,352.706665,353.0333252,326.6666565,333.3333435,91815000
1/11/2022,354.7999878,358.6166687,346.2733459,351.2233276,66063300
1/12/2022,368.7399902,371.6133423,357.5299988,359.6166687,83739000
1/13/2022,343.8533325,371.8666687,342.1799927,369.6900024,97209900
1/14/2022,349.8699951,350.6666565,337.793335,339.9599915,72924300
1/18/2022,343.5033264,356.9299927,338.686676,342.2033386,66743400
1/19/2022,331.8833313,351.5566711,331.6666565,347.2366638,75442500
1/20/2022,332.0899963,347.2200012,331.3333435,336.5766602,70488600
1/21/2022,314.6333313,334.8500061,313.5,332.1133423,103416000
1/24/2022,310,311.1700134,283.8233337,301.5866699,151565700
1/25/2022,306.1333313,317.0866699,301.0700073,304.7333374,86595900
1/26/2022,312.4700012,329.230011,302,317.4766541,104867400
1/27/2022,276.3666687,311.7966614,276.3333435,311.1199951,147109500
1/28/2022,282.1166687,285.8333435,264.0033264,277.186676,134789100
1/31/2022,312.2399902,312.6633301,287.3500061,290.9033203,104436000
2/1/2022,310.4166565,314.5666809,301.6666565,311.7366638,73138200
2/2/2022,301.8866577,310.5,296.4700012,309.3933411,66792900
2/3/2022,297.0466614,312.3333435,293.5066528,294,78855600
2/4/2022,307.7733459,312.1666565,293.7233276,299.0733337,73625400
2/7/2022,302.4466553,315.9233398,300.9033203,307.9299927,60994500
2/8/2022,307.3333435,308.7633362,298.2666626,301.8433228,50729100
2/9/2022,310.6666565,315.4233398,306.6666565,311.6666565,52259400
2/10/2022,301.5166626,314.6033325,298.8999939,302.7900085,66126900
2/11/2022,286.6666565,305.3200073,283.5666809,303.2099915,79645800
2/14/2022,291.9200134,299.6266785,284.3833313,287.1900024,67756500
2/15/2022,307.4766541,307.6666565,297.793335,300,57286200
2/16/2022,307.7966614,308.8099976,300.4033203,304.6833191,51294300
2/17/2022,292.1166687,306.1666565,291.3666687,304.4200134,55178400
2/18/2022,285.6600037,295.6233215,279.2033386,295.3333435,68501700
2/22/2022,273.8433228,285.5766602,267.0333252,278.043335,83288100
2/23/2022,254.6799927,278.4333191,253.5200043,276.8099976,95256900
2/24/2022,266.9233398,267.4933472,233.3333282,233.4633331,135322200
2/25/2022,269.956665,273.1666565,260.7999878,269.7433472,76067700
2/28/2022,290.1433411,292.2866821,271.5700073,271.6700134,99006900
3/1/2022,288.1233215,296.6266785,284.5933228,289.8933411,74766900
3/2/2022,293.2966614,295.4933472,281.4233398,290.7099915,74643300
3/3/2022,279.7633362,295.480011,277.5333252,292.9233398,61623600
3/4/2022,279.4299927,285.2166748,275.0533447,283.0333252,66999600
3/7/2022,268.1933289,288.7133179,268.1900024,285.4333191,72494100
3/8/2022,274.7999878,283.3299866,260.7233276,265.1766663,80399100
3/9/2022,286.3233337,286.8533325,277.3366699,279.8266602,59184000
3/10/2022,279.4333191,284.8166809,270.1199951,283.8166809,58648500
3/11/2022,265.1166687,281.2666626,264.5899963,280.0666809,67037100
3/14/2022,255.456665,266.8999939,252.0133362,260.2033386,71152200
3/15/2022,267.2966614,268.5233459,252.1900024,258.4233398,66841200
3/16/2022,280.0766602,280.6666565,267.4200134,269.6666565,84028800
3/17/2022,290.5333252,291.6666565,275.2399902,276.9966736,66582900
3/18/2022,301.7966614,302.6166687,289.1300049,291.4966736,100414200
3/21/2022,307.0533447,314.2833252,302.3633423,304.9933472,81981600
3/22/2022,331.3266602,332.6199951,307.25,310,105868500
3/23/2022,333.0366821,346.8999939,325.4666748,326.6466675,120676200
3/24/2022,337.9733276,341.4966736,329.6000061,336.5766602,68920800
3/25/2022,336.8800049,340.6000061,332.4400024,336,62031600
3/28/2022,363.9466553,365.9599915,351.2000122,355.0333252,102506100
3/29/2022,366.5233459,371.5899963,357.7033386,369.3299866,73614900
3/30/2022,364.6633301,371.3166809,361.3333435,363.7233276,59865000
3/31/2022,359.2000122,367.7133179,358.8800049,364.8566589,48992700
4/1/2022,361.5299988,364.9166565,355.5466614,360.3833313,54263100
4/4/2022,381.8166809,383.3033447,357.5100098,363.1266785,82035900
4/5/2022,363.7533264,384.2900085,362.4333191,378.7666626,80075100
4/6/2022,348.5866699,359.6666565,342.5666809,357.8233337,89348400
4/7/2022,352.4200134,358.8633423,340.5133362,350.7966614,79447200
4/8/2022,341.8299866,349.480011,340.813324,347.7366638,55013700
4/11/2022,325.3099976,336.1566772,324.8800049,326.7999878,59357100
4/12/2022,328.9833374,340.3966675,325.5333252,332.5466614,65976000
4/13/2022,340.7900085,342.0799866,324.3666687,327.0266724,55121100
4/14/2022,328.3333435,337.5700073,327.3966675,333.0966797,58422300
4/18/2022,334.7633362,338.3066711,324.4700012,329.6766663,51715200
4/19/2022,342.7166748,344.980011,331.7766724,335.019989,49847700
4/20/2022,325.7333374,344.6666565,325.0833435,343.3333435,70711200
4/21/2022,336.2600098,364.0733337,332.1400146,358.2433472,105416400
4/22/2022,335.0166626,344.9500122,331.3333435,338.3033447,69696600
4/25/2022,332.6733398,336.206665,325.1000061,326.3233337,68341200
4/26/2022,292.1400146,333.3333435,291.6666565,331.8099976,136133700
4/27/2022,293.8366699,306,292.4533386,299.5266724,76956300
4/28/2022,292.5033264,300,273.8999939,299.9933472,124948500
4/29/2022,290.2533264,311.4666748,290,300.75,88133100
5/2/2022,300.980011,302.1199951,282.6766663,286.9233398,75781500
5/3/2022,303.0833435,308.0266724,296.1966553,301.0599976,63709500
5/4/2022,317.5400085,318.5,295.0933228,301.313324,81643800
5/5/2022,291.0933228,315.2000122,285.8999939,313.0066528,92519100
5/6/2022,288.5499878,296,281.0366821,295.6666565,72903000
5/9/2022,262.3699951,281.8766785,260.3833313,278.8166809,90810300
5/10/2022,266.6799927,275.1199951,258.0833435,273.1033325,84401700
5/11/2022,244.6666718,269.9233398,242.3999939,265,97224600
5/12/2022,242.6666718,253.2200012,226.6666718,233.6666718,140313000
5/13/2022,256.5299988,262.4500122,250.5233307,257.8266602,92150700
5/16/2022,241.456665,256.5866699,239.6966705,255.7200012,86098500
5/17/2022,253.8699951,254.8266602,242.9499969,249.1199951,80236200
5/18/2022,236.6033325,253.5,233.6033325,248.1733398,87811800
5/19/2022,236.4733276,244.6666718,231.3699951,235.6666718,90296700
5/20/2022,221.3000031,240.5266724,211,237.9966736,144973200
5/23/2022,224.9666595,226.6533356,212.6866608,218.3399963,88903500
5/24/2022,209.386673,217.9733276,206.8566742,217.843338,89092500
5/25/2022,219.6000061,223.1066742,207.6699982,207.9499969,92139300
5/26/2022,235.9100037,239.5566711,217.886673,220.4733276,106003200
5/27/2022,253.2100067,253.2666626,240.1766663,241.0833282,89295000
5/31/2022,252.7533264,259.6000061,244.7433319,257.9466553,101914500
6/1/2022,246.7899933,257.3266602,243.6399994,251.7200012,77247900
6/2/2022,258.3333435,264.2099915,242.0666656,244.156662,93473100
6/3/2022,234.5166626,247.7966614,233.4166718,243.2266693,112393800
6/6/2022,238.2799988,244.8666687,234.3500061,244.3533325,84204600
6/7/2022,238.886673,239.9966736,230.093338,234,72808500
6/8/2022,241.8666687,249.9633331,239.1766663,240.0866699,76210500
6/9/2022,239.706665,255.5466614,239.3266602,249.3399963,96491400
6/10/2022,232.2299957,239.5,227.9133301,235.156662,97536600
6/13/2022,215.7366638,226.6333313,214.6833344,223.1666718,102767400
6/14/2022,220.8899994,226.3300018,211.7366638,218.2866669,97988700
6/15/2022,233,235.6633301,218.1499939,220.9166718,119131800
6/16/2022,213.1000061,225.1666718,208.6933289,222.7366638,107390700
6/17/2022,216.7599945,220.9700012,213.1966705,213.4333344,92641800
6/21/2022,237.0366669,243.5766602,224.3333282,224.6033325,122793000
6/22/2022,236.0866699,246.8333282,233.8266602,234.5033264,101107500
6/23/2022,235.0700073,239.3166656,228.636673,237.906662,104202600
6/24/2022,245.706665,246.0666656,236.0866699,237.4700012,95770800
6/27/2022,244.9199982,252.0700073,242.5666656,249.3666687,89178300
6/28/2022,232.6633301,249.9700012,232.343338,244.4833374,90391200
6/29/2022,228.4900055,231.1733398,222.2733307,230.5,82897200
6/30/2022,224.4733276,229.456665,218.863327,224.5099945,94600500
7/1/2022,227.2633362,230.2299957,222.1199951,227,74460300
7/5/2022,233.0666656,233.1466675,216.1666718,223,84581100
7/6/2022,231.7333374,234.5633392,227.1866608,230.7799988,71853600
7/7/2022,244.543335,245.363327,232.2100067,233.9199982,81930600
7/8/2022,250.7633362,254.9799957,241.1600037,242.3333282,101854200
7/11/2022,234.343338,253.0633392,233.6266632,252.1033325,99241200
7/12/2022,233.0700073,239.7733307,228.3699951,236.8466644,87930900
7/13/2022,237.0399933,242.0599976,225.0333405,225.5,97954500
7/14/2022,238.3133392,238.6533356,229.3333282,234.8966675,78557400
7/15/2022,240.0666656,243.6233368,236.8899994,240,69683100
7/18/2022,240.5466614,250.5166626,239.6033325,244.9366608,82537500
7/19/2022,245.5299988,247.1399994,236.9766693,245,80890200
7/20/2022,247.5,250.6633301,243.4833374,246.7833405,88864200
7/21/2022,271.706665,273.2666626,254.8666687,255.1066742,142032300
7/22/2022,272.2433472,280.7866821,270.7133179,276.2200012,103472700
7/25/2022,268.4333191,274.1466675,267.3999939,272.2166748,64073400
7/26/2022,258.8599854,267.3099976,256.2633362,266.5133362,66820800
7/27/2022,274.8200073,275.9266663,261.7900085,263.8099976,88110000
7/28/2022,280.8999939,283.2999878,272.7999878,280.0666809,84723000
7/29/2022,297.1499939,298.3200073,279.1000061,280.7000122,95313000
8/1/2022,297.2766724,311.8766785,295,301.2766724,117042900
8/2/2022,300.5866699,307.8333435,292.6666565,294.0033264,95577600
8/3/2022,307.3966675,309.5499878,301.1499939,305,80091000
8/4/2022,308.6333313,313.6066589,305,311,72256200
8/5/2022,288.1700134,304.6066589,285.543335,302.6700134,113172900
8/8/2022,290.4233398,305.2000122,289.0866699,295,98994000
8/9/2022,283.3333435,292.3966675,279.3533325,290.293335,86244600
8/10/2022,294.3566589,297.5100098,283.3699951,297.0666809,94918800
8/11/2022,286.6300049,298.2366638,285.8333435,296.5133362,70155000
8/12/2022,300.0299988,300.1600037,285.0333252,289.4166565,79657200
8/15/2022,309.3200073,313.1333313,301.230011,301.7866821,89359200
8/16/2022,306.563324,314.6666565,302.8833313,311.6666565,88136400
8/17/2022,303.9966736,309.6566772,300.0333252,303.3966675,68766000
8/18/2022,302.8699951,306.5,301.8533325,306,47500500
8/19/2022,296.6666565,300.3599854,292.5,299,61395300
8/22/2022,289.9133301,292.3999939,286.2966614,291.9133301,55843200
8/23/2022,296.4533386,298.8266602,287.9233398,291.4533386,63984900
8/24/2022,297.0966797,303.6466675,296.5,297.563324,57259800
8/25/2022,296.0700073,302.9599915,291.6000061,302.3599854,53230000
8/26/2022,288.0899963,302,287.4700012,297.4299927,57163900
8/29/2022,284.8200073,287.7399902,280.7000122,282.8299866,41864700
8/30/2022,277.7000122,288.480011,272.6499939,287.8699951,50541800
8/31/2022,275.6099854,281.25,271.8099976,280.6199951,52107300
9/1/2022,277.1600037,277.5799866,266.1499939,272.5799866,54287000
9/2/2022,270.2099915,282.3500061,269.0799866,281.0700073,50890100
9/6/2022,274.4200134,275.9899902,265.7399902,272.6799927,55860000
9/7/2022,283.7000122,283.8399963,272.269989,273.1000061,50028900
9/8/2022,289.2600098,289.5,279.7600098,281.2999878,53713100
9/9/2022,299.6799927,299.8500061,291.25,291.6700134,54338100
9/12/2022,304.4200134,305.4899902,300.3999939,300.7200012,48674600
9/13/2022,292.1300049,297.3999939,290.3999939,292.8999939,68229600
9/14/2022,302.6099854,306,291.6400146,292.2399902,72628700
9/15/2022,303.75,309.1199951,300.7200012,301.8299866,64795500
9/16/2022,303.3500061,303.7099915,295.6000061,299.6099854,87087800
9/19/2022,309.0700073,309.8399963,297.7999878,300.0899963,60231200
9/20/2022,308.730011,313.3299866,305.5799866,306.9100037,61642800
9/21/2022,300.7999878,313.7999878,300.6300049,308.2900085,62555700
9/22/2022,288.5899963,301.2900085,285.8200073,299.8599854,70545400
9/23/2022,275.3299866,284.5,272.8200073,283.0899963,63748400
9/26/2022,276.0100098,284.0899963,270.3099976,271.8299866,58076900
9/27/2022,282.9400024,288.6700134,277.5100098,283.8399963,61925200
9/28/2022,287.8099976,289,277.5700073,283.0799866,54664800
9/29/2022,268.2099915,283.6499939,265.7799988,282.7600098,77620600
9/30/2022,265.25,275.5700073,262.4700012,266.1499939,67726600
10/3/2022,242.3999939,255.1600037,241.0099945,254.5,98363500
10/4/2022,249.4400024,257.5,242.0099945,250.5200043,109578500
10/5/2022,240.8099976,246.6699982,233.2700043,245.0099945,86982700
10/6/2022,238.1300049,244.5800018,235.3500061,239.4400024,69298400
10/7/2022,223.0700073,234.5700073,222.0200043,233.9400024,83916800
10/10/2022,222.9600067,226.9900055,218.3600006,223.9299927,67925000
10/11/2022,216.5,225.75,215,220.9499969,77013200
10/12/2022,217.2400055,219.3000031,211.5099945,215.3300018,66860700
10/13/2022,221.7200012,222.9900055,206.2200012,208.3000031,91483000
10/14/2022,204.9900055,226.2599945,204.1600037,224.0099945,94124500
10/17/2022,219.3500061,221.8600006,209.4499969,210.0399933,79428800
10/18/2022,220.1900024,229.8200073,217.25,229.5,75891900
10/19/2022,222.0399933,222.9299927,217.7799988,219.8000031,66571500
10/20/2022,207.2799988,215.5500031,202,208.2799988,117798100
10/21/2022,214.4400024,214.6600037,203.8000031,206.4199982,75713800
10/24/2022,211.25,213.5,198.5899963,205.8200073,100446800
10/25/2022,222.4199982,224.3500061,210,210.1000061,96507900
10/26/2022,224.6399994,230.6000061,218.1999969,219.3999939,85012500
10/27/2022,225.0899963,233.8099976,222.8500061,229.7700043,61638800
10/28/2022,228.5200043,228.8600006,216.3500061,225.3999939,69152400
10/31/2022,227.5399933,229.8500061,221.9400024,226.1900024,61554300
11/1/2022,227.8200073,237.3999939,227.2799988,234.0500031,62688800
11/2/2022,214.9799957,227.8699951,214.8200073,226.0399933,63070300
11/3/2022,215.3099976,221.1999969,210.1399994,211.3600006,56538800
11/4/2022,207.4700012,223.8000031,203.0800018,222.6000061,98622200
11/7/2022,197.0800018,208.8999939,196.6600037,208.6499939,93916500
11/8/2022,191.3000031,195.1999969,186.75,194.0200043,128803400
11/9/2022,177.5899963,195.8899994,177.1199951,190.7799988,127062700
11/10/2022,190.7200012,191,180.0299988,189.8999939,132703000
11/11/2022,195.9700012,196.5200043,182.5899963,186,114403600
11/14/2022,190.9499969,195.7299957,186.3399963,192.7700043,92226600
11/15/2022,194.4199982,200.8200073,192.0599976,195.8800049,91293800
11/16/2022,186.9199982,192.5700073,185.6600037,191.5099945,66567600
11/17/2022,183.1699982,186.1600037,180.8999939,183.9600067,64336000
11/18/2022,180.1900024,185.1900024,176.5500031,185.0500031,76048900
11/21/2022,167.8699951,176.7700043,167.5399933,175.8500061,92882700
11/22/2022,169.9100037,170.9199982,166.1900024,168.6300049,78452300
11/23/2022,183.1999969,183.6199951,172.5,173.5700073,109536700
11/25/2022,182.8600006,185.1999969,180.6300049,185.0599976,50672700
11/28/2022,182.9199982,188.5,179,179.9600067,92905200
11/29/2022,180.8300018,186.3800049,178.75,184.9900055,83357100
11/30/2022,194.6999969,194.7599945,180.6300049,182.4299927,109186400
12/1/2022,194.6999969,198.9199982,191.8000031,197.0800018,80046200
12/2/2022,194.8600006,196.25,191.1100006,191.7799988,73645900
12/5/2022,182.4499969,191.2700043,180.5500031,189.4400024,93122700
12/6/2022,179.8200073,183.6499939,175.3300018,181.2200012,92150800
12/7/2022,174.0399933,179.3800049,172.2200012,175.0299988,84213300
12/8/2022,173.4400024,175.1999969,169.0599976,172.1999969,97624500
12/9/2022,179.0500031,182.5,173.3600006,173.8399963,104872300
12/12/2022,167.8200073,177.3699951,167.5200043,176.1000061,109794500
12/13/2022,160.9499969,175.0500031,156.9100037,174.8699951,175862700
12/14/2022,156.8000031,161.6199951,155.3099976,159.25,140682300
12/15/2022,157.6699982,160.9299927,153.2799988,153.4400024,122334500
12/16/2022,150.2299957,160.9900055,150.0399933,159.6399994,139032200
12/19/2022,149.8699951,155.25,145.8200073,154,139390600
12/20/2022,137.8000031,148.4700012,137.6600037,146.0500031,159563300
12/21/2022,137.5700073,141.2599945,135.8899994,139.3399963,145417400
12/22/2022,125.3499985,136.6300049,122.2600021,136,210090300
12/23/2022,123.1500015,128.6199951,121.0199966,126.3700027,166989700
12/27/2022,109.0999985,119.6699982,108.7600021,117.5,208643400
12/28/2022,112.7099991,116.2699966,108.2399979,110.3499985,221070500
12/29/2022,121.8199997,123.5699997,117.5,120.3899994,221923300
12/30/2022,123.1800003,124.4800034,119.75,119.9499969,157777300
1/3/2023,108.0999985,118.8000031,104.6399994,118.4700012,231402800
1/4/2023,113.6399994,114.5899963,107.5199966,109.1100006,180389000
1/5/2023,110.3399963,111.75,107.1600037,110.5100021,157986300
1/6/2023,113.0599976,114.3899994,101.8099976,103,220911100
1/9/2023,119.7699966,123.5199966,117.1100006,118.9599991,190284000
1/10/2023,118.8499985,122.7600021,114.9199982,121.0699997,167642500
1/11/2023,123.2200012,125.9499969,120.5100021,122.0899963,183810800
1/12/2023,123.5599976,124.1299973,117,122.5599976,169400900
1/13/2023,122.4000015,122.6299973,115.5999985,116.5500031,180714100
1/17/2023,131.4900055,131.6999969,125.0199966,125.6999969,186477000
1/18/2023,128.7799988,136.6799927,127.0100021,136.5599976,195680300
1/19/2023,127.1699982,129.9900055,124.3099976,127.2600021,170291900
1/20/2023,133.4199982,133.5099945,127.3499985,128.6799927,138858100
1/23/2023,143.75,145.3800049,134.2700043,135.8699951,203119200
1/24/2023,143.8899994,146.5,141.1000061,143,158699100
1/25/2023,144.4299927,146.4100037,138.0700073,141.9100037,192734300
1/26/2023,160.2700043,161.4199982,154.7599945,159.9700012,234815100
1/27/2023,177.8999939,180.6799927,161.1699982,162.4299927,306590600
1/30/2023,166.6600037,179.7700043,166.5,178.0500031,230878800
1/31/2023,173.2200012,174.3000031,162.7799988,164.5700073,196813500
2/1/2023,181.4100037,183.8099976,169.9299927,173.8899994,213806300
2/2/2023,188.2700043,196.75,182.6100006,187.3300018,217448300
2/3/2023,189.9799957,199,183.6900024,183.9499969,232662000
2/6/2023,194.7599945,198.1699982,189.9199982,193.0099945,186188100
2/7/2023,196.8099976,197.5,189.5500031,196.4299927,186010300
2/8/2023,201.2899933,203,194.3099976,196.1000061,180673600
2/9/2023,207.3200073,214,204.7700043,207.7799988,215431400
2/10/2023,196.8899994,206.1999969,192.8899994,202.2299957,204754100
2/13/2023,194.6399994,196.3000031,187.6100006,194.4199982,172475500
2/14/2023,209.25,209.8200073,189.4400024,191.9400024,216455700
2/15/2023,214.2400055,214.6600037,206.1100006,211.7599945,181006400
2/16/2023,202.0399933,217.6499939,201.8399963,210.7799988,229586500
2/17/2023,208.3099976,208.4400024,197.5,199.9900055,213738500
2/21/2023,197.3699951,209.7100067,197.2200012,204.9900055,180018600
2/22/2023,200.8600006,201.9900055,191.7799988,197.9299927,191828500
2/23/2023,202.0700073,205.1399994,196.3300018,203.9100037,146360000
2/24/2023,196.8800049,197.6699982,192.8000031,196.3300018,142228100
2/27/2023,207.6300049,209.4199982,201.2599945,202.0299988,161028300
2/28/2023,205.7100067,211.2299957,203.75,210.5899963,153144900
3/1/2023,202.7700043,207.1999969,198.5200043,206.2100067,156852800
3/2/2023,190.8999939,193.75,186.0099945,186.7400055,181500700
3/3/2023,197.7899933,200.4799957,192.8800049,194.8000031,154193300
3/6/2023,193.8099976,198.6000061,192.3000031,198.5399933,128100100
3/7/2023,187.7100067,194.1999969,186.1000061,191.3800049,148125800
3/8/2023,182,186.5,180,185.0399933,151897800
3/9/2023,172.9199982,185.1799927,172.5099945,180.25,170023800
3/10/2023,173.4400024,178.2899933,168.4400024,175.1300049,191488900
3/13/2023,174.4799957,177.3500061,163.9100037,167.4600067,167790300
3/14/2023,183.2599945,183.8000031,177.1399994,177.3099976,143717900
3/15/2023,180.4499969,182.3399963,176.0299988,180.8000031,145995600
3/16/2023,184.1300049,185.8099976,178.8399963,180.3699951,121136800
3/17/2023,180.1300049,186.2200012,177.3300018,184.5200043,133197100
3/20/2023,183.25,186.4400024,176.3500061,178.0800018,129684400
3/21/2023,197.5800018,198,188.0399933,188.2799988,153391400
3/22/2023,191.1499939,200.6600037,190.9499969,199.3000031,150376400
3/23/2023,192.2200012,199.3099976,188.6499939,195.2599945,144193900
3/24/2023,190.4100037,192.3600006,187.1499939,191.6499939,116312400
3/27/2023,191.8099976,197.3899994,189.9400024,194.4199982,120851600
3/28/2023,189.1900024,192.3500061,185.4299927,192,98654600
3/29/2023,193.8800049,195.2899933,189.4400024,193.1300049,123660000
3/30/2023,195.2799988,197.3300018,194.4199982,195.5800018,110252200
3/31/2023,207.4600067,207.7899933,197.1999969,197.5299988,170222100
4/3/2023,194.7700043,202.6900024,192.1999969,199.9100037,169545900
4/4/2023,192.5800018,198.7400055,190.3200073,197.3200073,126463800
4/5/2023,185.5200043,190.6799927,183.7599945,190.5200043,133882500
4/6/2023,185.0599976,186.3899994,179.7400055,183.0800018,123857900
4/10/2023,184.5099945,185.1000061,176.1100006,179.9400024,142154600
4/11/2023,186.7899933,189.1900024,185.6499939,186.6900024,115770900
4/12/2023,180.5399933,191.5800018,180.3099976,190.7400055,150256300
4/13/2023,185.8999939,186.5,180.9400024,182.9600067,112933000
4/14/2023,185,186.2799988,182.0099945,183.9499969,96438700
4/17/2023,187.0399933,189.6900024,182.6900024,186.3200073,116662200
4/18/2023,184.3099976,187.6900024,183.5800018,187.1499939,92067000
4/19/2023,180.5899963,183.5,177.6499939,179.1000061,125732700
4/20/2023,162.9900055,169.6999969,160.5599976,166.1699982,210970800
4/21/2023,165.0800018,166,161.3200073,164.8000031,123539000
4/24/2023,162.5500031,165.6499939,158.6100006,164.6499939,140006600
4/25/2023,160.6699982,163.4700012,158.75,159.8200073,121999300
4/26/2023,153.75,160.6699982,153.1399994,160.2899933,153364100
4/27/2023,160.1900024,160.4799957,152.3699951,152.6399994,127015200
4/28/2023,164.3099976,165,157.3200073,160.8999939,122515800
5/1/2023,161.8300018,163.2799988,158.8300018,163.1699982,109015000
5/2/2023,160.3099976,165.4900055,158.9299927,161.8800049,128259700
5/3/2023,160.6100006,165,159.9100037,160.0099945,119728000
5/4/2023,161.1999969,162.9499969,159.6499939,162.7100067,95108500
5/5/2023,170.0599976,170.7899933,163.5099945,163.9700012,107607300
5/8/2023,171.7899933,173.8000031,169.1900024,173.7200012,112249400
5/9/2023,169.1499939,169.8200073,166.5599976,168.9499969,88965000
5/10/2023,168.5399933,174.4299927,166.6799927,172.5500031,119840700
5/11/2023,172.0800018,173.5700073,166.7899933,168.6999969,103889900
5/12/2023,167.9799957,177.3800049,167.2299957,176.0700073,157849600
5/15/2023,166.3500061,169.7599945,164.5500031,167.6600037,105592500
5/16/2023,166.5200043,169.5200043,164.3500061,165.6499939,98288800
5/17/2023,173.8600006,174.5,167.1900024,168.4100037,125473600
5/18/2023,176.8899994,177.0599976,172.4499969,174.2200012,109520300
5/19/2023,180.1399994,181.9499969,176.3099976,177.1699982,136196700
5/22/2023,188.8699951,189.3200073,180.1100006,180.6999969,132001400
5/23/2023,185.7700043,192.9600067,185.2599945,186.1999969,156952100
5/24/2023,182.8999939,184.2200012,178.2200012,182.2299957,137605100
5/25/2023,184.4700012,186.7799988,180.5800018,186.5399933,96870700
5/26/2023,193.1699982,198.6000061,184.5299988,184.6199951,162061500
5/30/2023,201.1600037,204.4799957,197.5299988,200.1000061,128818700
5/31/2023,203.9299927,203.9499969,195.1199951,199.7799988,150711700
6/1/2023,207.5200043,209.8000031,199.3699951,202.5899963,148029900
6/2/2023,213.9700012,217.25,209.75,210.1499939,164398400
6/5/2023,217.6100006,221.2899933,214.5200043,217.8000031,151143100
6/6/2023,221.3099976,221.9100037,212.5299988,216.1399994,146911600
6/7/2023,224.5700073,230.8300018,223.1999969,228,185710800
6/8/2023,234.8600006,235.2299957,223.0099945,224.2200012,164489700
6/9/2023,244.3999939,252.4199982,242.0200043,249.0700073,200242400
6/12/2023,249.8300018,250.9700012,244.5899963,247.9400024,150337900
6/13/2023,258.7099915,259.6799927,251.3399963,253.5099945,162384300
6/14/2023,256.7900085,261.5700073,250.5,260.1700134,170575500
6/15/2023,255.8999939,258.9500122,247.2899933,248.3999939,160171200
6/16/2023,260.5400085,263.6000061,257.2099915,258.9200134,167915600
6/20/2023,274.4500122,274.75,261.1199951,261.5,165611200
6/21/2023,259.4599915,276.9899902,257.7799988,275.1300049,211797100
6/22/2023,264.6099854,265,248.25,250.7700043,166875900
6/23/2023,256.6000061,262.4500122,252.8000031,259.2900085,177460800
6/26/2023,241.0500031,258.3699951,240.6999969,250.0700073,179990600
6/27/2023,250.2100067,250.3899994,240.8500061,243.2400055,164968200
6/28/2023,256.2399902,259.8800049,248.8899994,249.6999969,159770800
6/29/2023,257.5,260.7399902,253.6100006,258.0299988,131283400
6/30/2023,261.769989,264.4500122,259.8900146,260.6000061,112620800
7/3/2023,279.8200073,284.25,275.1099854,276.4899902,119685900
7/5/2023,282.480011,283.8500061,277.6000061,278.8200073,131530900
7/6/2023,276.5400085,279.9700012,272.8800049,278.0899963,120332100
7/7/2023,274.4299927,280.7799988,273.769989,278.4299927,113879200
7/10/2023,269.6099854,277.519989,265.1000061,276.4700012,119425400
7/11/2023,269.7900085,270.8999939,266.3699951,268.6499939,91972400
7/12/2023,271.9899902,276.519989,271.4599915,276.3299866,95672100
7/13/2023,277.8999939,279.4500122,270.6000061,274.5899963,112681500
7/14/2023,281.3800049,285.2999878,276.3099976,277.0100098,120062400
7/17/2023,290.3800049,292.230011,283.5700073,286.6300049,131569600
7/18/2023,293.3399963,295.2600098,286.0100098,290.1499939,112120300
7/19/2023,291.2600098,299.2900085,289.519989,296.0400085,142355400
7/20/2023,262.8999939,280.9299927,261.2000122,279.5599976,175158300
7/21/2023,260.019989,268,255.8000031,268,161796100
7/24/2023,269.0599976,269.8500061,254.1199951,255.8500061,136508500
7/25/2023,265.2799988,272.8999939,265,272.3800049,112757300
7/26/2023,264.3500061,268.0400085,261.75,263.25,95856200
7/27/2023,255.7100067,269.1300049,255.3000031,268.3099976,103697300
7/28/2023,266.4400024,267.25,258.230011,259.8599854,111446000
7/31/2023,267.4299927,269.0799866,263.7799988,267.480011,84582200
8/1/2023,261.0700073,266.4700012,260.25,266.2600098,83166000
8/2/2023,254.1100006,259.519989,250.4900055,255.5700073,101752900
8/3/2023,259.3200073,260.4899902,252,252.0399933,97569100
8/4/2023,253.8600006,264.769989,253.1100006,260.9700012,99539900
8/7/2023,251.4499969,253.6499939,242.7599945,251.4499969,111097900
8/8/2023,249.6999969,250.9199982,245.0099945,247.4499969,96642200
8/9/2023,242.1900024,251.1000061,241.8999939,250.8699951,101596300
8/10/2023,245.3399963,251.8000031,243,245.3999939,109498600
8/11/2023,242.6499939,243.7899933,238.0200043,241.7700043,99038600
8/14/2023,239.7599945,240.6600037,233.75,235.6999969,98595300
8/15/2023,232.9600067,240.5,232.6100006,238.7299957,88197600
8/16/2023,225.6000061,233.9700012,225.3800049,228.0200043,112484500
8/17/2023,219.2200012,226.7400055,218.8300018,226.0599976,120718400
8/18/2023,215.4900055,217.5800018,212.3600006,214.1199951,136276600
8/21/2023,231.2799988,232.1300049,220.5800018,221.5500031,135702700
8/22/2023,233.1900024,240.8200073,229.5500031,240.25,130442800
8/23/2023,236.8600006,238.9799957,229.2899933,229.3399963,101077600
8/24/2023,230.0399933,238.9199982,228.1799927,238.6600037,99777400
8/25/2023,238.5899963,239,230.3500061,231.3099976,106612200
8/28/2023,238.8200073,244.3800049,235.3500061,242.5800018,107673700
8/29/2023,257.1799927,257.480011,237.7700043,238.5800018,134047600
8/30/2023,256.8999939,260.5100098,250.5899963,254.1999969,121988400
8/31/2023,258.0799866,261.1799927,255.0500031,255.9799957,108861700
9/1/2023,245.0099945,259.0799866,242.0099945,257.2600098,132541600
9/5/2023,256.4899902,258,244.8600006,245,129469600
9/6/2023,251.9199982,255.3899994,245.0599976,255.1399994,116959800
9/7/2023,251.4900055,252.8099976,243.2700043,245.0700073,115312900
9/8/2023,248.5,256.519989,246.6699982,251.2200012,118367700
9/11/2023,273.5799866,274.8500061,260.6099854,264.269989,174667900
9/12/2023,267.480011,278.3900146,266.6000061,270.7600098,135999900
9/13/2023,271.2999878,274.980011,268.1000061,270.0700073,111673700
9/14/2023,276.0400085,276.7099915,270.4200134,271.3200073,107709800
9/15/2023,274.3900146,278.980011,271,277.5499878,133692300
9/18/2023,265.2799988,271.4400024,263.7600098,271.1600037,101543300
9/19/2023,266.5,267.8500061,261.2000122,264.3500061,103704000
9/20/2023,262.5899963,273.9299927,262.4599915,267.0400085,122514600
9/21/2023,255.6999969,260.8599854,254.2100067,257.8500061,119951500
9/22/2023,244.8800049,257.7900085,244.4799957,257.3999939,127524100
9/25/2023,246.9900055,247.1000061,238.3099976,243.3800049,104636600
9/26/2023,244.1199951,249.5500031,241.6600037,242.9799957,101993600
9/27/2023,240.5,245.3300018,234.5800018,244.2599945,136597200
9/28/2023,246.3800049,247.5500031,238.6499939,240.0200043,117058900
9/29/2023,250.2200012,254.7700043,246.3500061,250,128522700
10/2/2023,251.6000061,254.2799988,242.6199951,244.8099976,123810400
10/3/2023,246.5299988,250.0200043,244.4499969,248.6100006,101985300
10/4/2023,261.1600037,261.8599854,247.6000061,248.1399994,129721600
10/5/2023,260.0499878,263.6000061,256.25,260,119159200
10/6/2023,260.5299988,261.6499939,250.6499939,253.9799957,118121800
10/9/2023,259.6700134,261.3599854,252.0500031,255.3099976,101377900
10/10/2023,263.6199951,268.9400024,257.6499939,257.75,122656000
10/11/2023,262.9899902,268.6000061,260.8999939,266.2000122,103706300
10/12/2023,258.8699951,265.4100037,256.6300049,262.9200134,111508100
10/13/2023,251.1199951,259.6000061,250.2200012,258.8999939,102073800
10/16/2023,253.9199982,255.3999939,248.4799957,250.0500031,88917200
10/17/2023,254.8500061,257.1799927,247.0800018,250.1000061,93562900
10/18/2023,242.6799927,254.6300049,242.0800018,252.6999969,125147800
10/19/2023,220.1100006,230.6100006,216.7799988,225.9499969,170772700
10/20/2023,211.9900055,218.8600006,210.4199982,217.0099945,138010100
10/23/2023,212.0800018,216.9799957,202.5099945,210,150683400
10/24/2023,216.5200043,222.0500031,214.1100006,216.5,118231100
10/25/2023,212.4199982,220.1000061,212.1999969,215.8800049,107065100
10/26/2023,205.7599945,214.8000031,204.8800049,211.3200073,115112600
10/27/2023,207.3000031,212.4100037,205.7700043,210.6000061,94881200
10/30/2023,197.3600006,210.8800049,194.6699982,209.2799988,136448200
10/31/2023,200.8399963,202.8000031,194.0700073,196.1199951,118068300
11/1/2023,205.6600037,205.9900055,197.8500061,204.0399933,121661700
11/2/2023,218.5099945,219.1999969,211.4499969,212.9700012,125987600
11/3/2023,219.9600067,226.3699951,218.3999939,221.1499939,119534800
11/6/2023,219.2700043,226.3200073,215,223.9799957,117335800
11/7/2023,222.1799927,223.1199951,215.7200012,219.9799957,116900100
11/8/2023,222.1100006,224.1499939,217.6399994,223.1499939,106584800
11/9/2023,209.9799957,220.8000031,206.6799927,219.75,142110500
11/10/2023,214.6499939,215.3800049,205.6900024,210.0299988,130994000
11/13/2023,223.7100067,225.3999939,211.6100006,215.6000061,140447600
11/14/2023,237.4100037,238.1399994,230.7200012,235.0299988,149771600
11/15/2023,242.8399963,246.6999969,236.4499969,239.2899933,150354000
11/16/2023,233.5899963,240.8800049,230.9600067,239.4900055,136816800
11/17/2023,234.3000031,237.3899994,226.5399933,232,142532800
11/20/2023,235.6000061,237.1000061,231.0200043,234.0399933,116320100
11/21/2023,241.1999969,243.6199951,233.3399963,235.0399933,122288000
11/22/2023,234.2100067,244.0099945,231.3999939,242.0399933,117950600
11/24/2023,235.4499969,238.75,232.3300018,233.75,65125200
11/27/2023,236.0800018,238.3300018,232.1000061,236.8899994,112031800
11/28/2023,246.7200012,247,234.0099945,236.6799927,148549900
11/29/2023,244.1399994,252.75,242.7599945,249.2100067,135401300
11/30/2023,240.0800018,245.2200012,236.9100037,245.1399994,132353200
12/1/2023,238.8300018,240.1900024,231.8999939,233.1399994,121331700
12/4/2023,235.5800018,239.3699951,233.2899933,235.75,104099800
12/5/2023,238.7200012,246.6600037,233.6999969,233.8699951,137971100
12/6/2023,239.3699951,246.5700073,239.1699982,242.9199982,126436200
12/7/2023,242.6399994,244.0800018,236.9799957,241.5500031,107142300
12/8/2023,243.8399963,245.2700043,239.2700043,240.2700043,103126800
12/11/2023,239.7400055,243.4400024,237.4499969,242.7400055,97913900
12/12/2023,237.0099945,238.9900055,233.8699951,238.5500031,95328300
12/13/2023,239.2899933,240.3000031,228.1999969,234.1900024,146286300
12/14/2023,251.0500031,253.8800049,240.7899933,241.2200012,160829200
12/15/2023,253.5,254.1300049,248.3000031,251.2100067,135932800
12/18/2023,252.0800018,258.7399902,251.3600006,253.7799988,116416500
12/19/2023,257.2200012,258.3399963,253.0099945,253.4799957,106737400
12/20/2023,247.1399994,259.8399963,247,256.4100037,125097000
12/21/2023,254.5,254.8000031,248.5500031,251.8999939,109594200
12/22/2023,252.5399933,258.2200012,251.3699951,256.7600098,93370100
12/26/2023,256.6099854,257.9700012,252.9100037,254.4900055,86892400
12/27/2023,261.4400024,263.3399963,257.519989,258.3500061,106494400
12/28/2023,253.1799927,265.1300049,252.7100067,263.6600037,113619900
12/29/2023,248.4799957,255.1900024,247.4299927,255.1000061,100891600
1/2/2024,248.4199982,251.25,244.4100037,250.0800018,104654200
1/3/2024,238.4499969,245.6799927,236.3200073,244.9799957,121082600
1/4/2024,237.9299927,242.6999969,237.7299957,239.25,102629300
1/5/2024,237.4900055,240.1199951,234.8999939,236.8600006,92488900
1/8/2024,240.4499969,241.25,235.3000031,236.1399994,85166600
1/9/2024,234.9600067,238.9600067,232.0399933,238.1100006,96705700
1/10/2024,233.9400024,235.5,231.2899933,235.1000061,91628500
1/11/2024,227.2200012,230.9299927,225.3699951,230.5700073,105873600
1/12/2024,218.8899994,225.3399963,217.1499939,220.0800018,123043800
1/16/2024,219.9100037,223.4900055,212.1799927,215.1000061,115355000
1/17/2024,215.5500031,215.6699982,212.0099945,214.8600006,103164400
1/18/2024,211.8800049,217.4499969,208.7400055,216.8800049,108595400
1/19/2024,212.1900024,213.1900024,207.5599976,209.9900055,102260300
1/22/2024,208.8000031,217.8000031,206.2700043,212.2599945,117952500
1/23/2024,209.1399994,215.6499939,207.75,211.3000031,106605900
1/24/2024,207.8300018,212.7299957,206.7700043,211.8800049,123369900
1/25/2024,182.6300049,193,180.0599976,189.6999969,198076800
1/26/2024,183.25,186.7799988,182.1000061,185.5,107343200
1/29/2024,190.9299927,191.4799957,183.6699982,185.6300049,125013100
1/30/2024,191.5899963,196.3600006,190.6100006,195.3300018,109982300
1/31/2024,187.2899933,193.9700012,185.8500061,187,103221400
2/1/2024,188.8600006,189.8800049,184.2799988,188.5,91843300
2/2/2024,187.9100037,188.6900024,182,185.0399933,110612700
2/5/2024,181.0599976,184.6799927,175.0099945,184.2599945,134294400
2/6/2024,185.1000061,186.4900055,177.1100006,177.2100067,122676000
2/7/2024,187.5800018,189.7899933,182.6799927,188.1799927,111535200
2/8/2024,189.5599976,191.6199951,185.5800018,189,83034000
2/9/2024,193.5700073,194.1199951,189.4799957,190.1799927,84476300
2/12/2024,188.1300049,194.7299957,187.2799988,192.1100006,95498600
2/13/2024,184.0200043,187.2599945,182.1100006,183.9900055,86759500
2/14/2024,188.7100067,188.8899994,183.3500061,185.3000031,81203000
2/15/2024,200.4499969,200.8800049,188.8600006,189.1600037,120831800
2/16/2024,199.9499969,203.1699982,197.3999939,202.0599976,111346700
2/20/2024,193.7599945,198.6000061,189.1300049,196.1300049,104545800
2/21/2024,194.7700043,199.4400024,191.9499969,193.3600006,103500300
2/22/2024,197.4100037,198.3200073,191.3600006,194,92739500
2/23/2024,191.9700012,197.5700073,191.5,195.3099976,78841900
2/26/2024,199.3999939,201.7799988,192,192.2899933,111747100
2/27/2024,199.7299957,205.6000061,198.2599945,204.0399933,108645400
2/28/2024,202.0399933,205.3000031,198.4400024,200.4199982,99806200
2/29/2024,201.8800049,205.2799988,198.4499969,204.1799927,85907000
3/1/2024,202.6399994,204.5200043,198.5,200.5200043,82243100
3/4/2024,188.1399994,199.75,186.7200012,198.7299957,134334900
3/5/2024,180.7400055,184.5899963,177.5700073,183.0500031,119660800
3/6/2024,176.5399933,181.5800018,173.6999969,179.9900055,107920900
3/7/2024,178.6499939,180.0399933,173.6999969,174.3500061,102129000
3/8/2024,175.3399963,182.7299957,174.6999969,181.5,85544600
3/11/2024,177.7700043,182.8699951,174.8000031,175.4499969,85391500
3/12/2024,177.5399933,179.4299927,172.4100037,177.7700043,87391700
3/13/2024,169.4799957,176.0500031,169.1499939,173.0500031,106524500
3/14/2024,162.5,171.1699982,160.5099945,167.7700043,126325700
3/15/2024,163.5700073,165.1799927,160.7599945,163.1600037,97146800
3/18/2024,173.8000031,174.7200012,165.8999939,170.0200043,108214400
3/19/2024,171.3200073,172.8200073,167.4199982,172.3600006,77271400
3/20/2024,175.6600037,176.25,170.8200073,173,83846700
3/21/2024,172.8200073,178.1799927,171.8000031,176.3899994,73178000
3/22/2024,170.8300018,171.1999969,166.3000031,166.6900024,75580600
3/25/2024,172.6300049,175.2400055,168.7299957,168.7599945,74228600
3/26/2024,177.6699982,184.25,177.3800049,178.5800018,113186200
3/27/2024,179.8300018,181.9100037,176,181.4100037,81804000
3/28/2024,175.7899933,179.5700073,175.3000031,177.4499969,77654800
4/1/2024,175.2200012,176.75,170.2100067,176.1699982,81562100
4/2/2024,166.6300049,167.6900024,163.4299927,164.75,116650600
4/3/2024,168.3800049,168.8200073,163.2799988,164.0200043,82950100
4/4/2024,171.1100006,177.1900024,168.0099945,170.0700073,123162000
4/5/2024,164.8999939,170.8600006,160.5099945,169.0800018,143157600
4/8/2024,172.9799957,174.5,167.7899933,169.3399963,104423300
4/9/2024,176.8800049,179.2200012,171.9199982,172.9100037,102951700
4/10/2024,171.7599945,174.9299927,170.0099945,173.0399933,84532400
4/11/2024,174.6000061,175.8800049,168.5099945,172.5500031,94516000
4/12/2024,171.0500031,173.8099976,170.3600006,172.3399963,64722700
4/15/2024,161.4799957,170.6900024,161.3800049,170.2400055,100245300
4/16/2024,157.1100006,158.1900024,153.75,156.7400055,97000000
4/17/2024,155.4499969,158.3300018,153.7799988,157.6399994,82439700
4/18/2024,149.9299927,152.1999969,148.6999969,151.25,96098800
4/19/2024,147.0500031,150.9400024,146.2200012,148.9700012,87074500
4/22/2024,142.0500031,144.4400024,138.8000031,140.5599976,107097600
4/23/2024,144.6799927,147.2599945,141.1100006,143.3300018,124545100
4/24/2024,162.1300049,167.9700012,157.5099945,162.8399963,181178000
4/25/2024,170.1799927,170.8800049,158.3600006,158.9600067,126427500
4/26/2024,168.2899933,172.1199951,166.3699951,168.8500061,109815700
4/29/2024,194.0500031,198.8699951,184.5399933,188.4199982,243869700
4/30/2024,183.2799988,190.9499969,182.8399963,186.9799957,127031800
5/1/2024,179.9900055,185.8600006,179.0099945,182,92829700
5/2/2024,180.0099945,184.6000061,176.0200043,182.8600006,89148000
5/3/2024,181.1900024,184.7799988,178.4199982,182.1000061,75491500
5/6/2024,184.7599945,187.5599976,182.1999969,183.8000031,84390300
5/7/2024,177.8099976,183.2599945,177.3999939,182.3999939,75045900
5/8/2024,174.7200012,176.0599976,170.1499939,171.5899963,79969500
5/9/2024,171.9700012,175.6199951,171.3699951,175.0099945,65950300
5/10/2024,168.4700012,173.0599976,167.75,173.0500031,72627200
5/13/2024,171.8899994,175.3999939,169,170,67018900
5/14/2024,177.5500031,179.4900055,174.0700073,174.5,86407400
5/15/2024,173.9900055,180,173.1100006,179.8999939,79663000
5/16/2024,174.8399963,175.7899933,171.4299927,174.1000061,59812200
5/17/2024,177.4600067,179.6300049,172.75,173.5500031,77445800
5/20/2024,174.9499969,177.75,173.5200043,177.5599976,61727400
5/21/2024,186.6000061,186.8800049,174.7100067,175.5099945,115266500
5/22/2024,180.1100006,183.8000031,178.1199951,182.8500061,88313500
5/23/2024,173.7400055,181.8999939,173.2599945,181.8000031,71975500
5/24/2024,179.2400055,180.0800018,173.7299957,174.8399963,65584500
5/28/2024,176.75,178.25,173.1600037,176.3999939,59736600
5/29/2024,176.1900024,178.1499939,173.9299927,174.1900024,54782600
5/30/2024,178.7899933,182.6699982,175.3800049,178.5800018,77618400
5/31/2024,178.0800018,180.3200073,173.8200073,178.5,67314600
6/3/2024,176.2899933,182.6399994,174.4900055,178.1300049,68568900
6/4/2024,174.7700043,177.7599945,174,174.7799988,60056300
6/5/2024,175,176.1499939,172.1300049,175.3500061,57953800
6/6/2024,177.9400024,179.7299957,172.7299957,174.6000061,69887000
6/7/2024,177.4799957,179.3500061,175.5800018,176.1300049,56244900
6/10/2024,173.7899933,178.5700073,173.1699982,176.0599976,50774600
6/11/2024,170.6600037,174.75,167.4100037,173.9199982,64761900
6/12/2024,177.2899933,180.5500031,169.8000031,171.1199951,90389400
6/13/2024,182.4700012,191.0800018,181.2299957,188.3899994,118984100
6/14/2024,178.0099945,186,176.9199982,185.8000031,82038200
6/17/2024,187.4400024,188.8099976,177,177.9199982,109786100
6/18/2024,184.8600006,187.1999969,182.3699951,186.5599976,68982300
6/20/2024,181.5700073,185.2100067,179.6600037,184.6799927,55893100
6/21/2024,183.0099945,183.9499969,180.6900024,182.3000031,61937300
6/24/2024,182.5800018,188.8000031,182.5500031,184.9700012,61992100
6/25/2024,187.3500061,187.9700012,182.0099945,184.3999939,62905700
6/26/2024,196.3699951,197.7599945,186.3600006,186.5399933,95737100
6/27/2024,197.4199982,198.7200012,194.0500031,195.1699982,72746500
6/28/2024,197.8800049,203.1999969,195.2599945,199.5500031,95438100
7/1/2024,209.8600006,213.2299957,200.8500061,201.0200043,135691400
7/2/2024,231.2599945,231.3000031,218.0599976,218.8899994,205047900
7/3/2024,246.3899994,248.3500061,234.25,234.5599976,166561500
7/5/2024,251.5200043,252.3699951,242.4600067,249.8099976,154501200
7/8/2024,252.9400024,259.4400024,244.5700073,247.7100067,157219600
7/9/2024,262.3299866,265.6099854,250.3000031,251,160210900
7/10/2024,263.2600098,267.5899963,257.8599854,262.7999878,128519400
7/11/2024,241.0299988,271,239.6499939,263.2999878,221707300
7/12/2024,248.2299957,251.8399963,233.0899963,235.8000031,155955800
7/15/2024,252.6399994,265.6000061,251.7299957,255.9700012,146912900
7/16/2024,256.5599976,258.6199951,245.8000031,255.3099976,126332500
7/17/2024,248.5,258.4700012,246.1799927,252.7299957,115584800
7/18/2024,249.2299957,257.1400146,247.1999969,251.0899963,110869000
7/19/2024,239.1999969,249.4400024,236.8300018,247.7899933,87403900
7/22/2024,251.5099945,253.2100067,243.75,244.2100067,101225400
7/23/2024,246.3800049,255.7599945,245.6300049,253.6000061,111928200
7/24/2024,215.9900055,225.9900055,214.7100067,225.4199982,167942900
7/25/2024,220.25,226,216.2299957,216.8000031,100636500
7/26/2024,219.8000031,222.2799988,215.3300018,221.1900024,94604100
7/29/2024,232.1000061,234.2700043,224.6999969,224.8999939,129201800
7/30/2024,222.6199951,232.4100037,220,232.25,100560300
7/31/2024,232.0700073,234.6799927,226.7899933,227.8999939,67497000
8/1/2024,216.8600006,231.8699951,214.3300018,227.6900024,83861900
8/2/2024,207.6699982,216.1300049,205.7799988,214.8800049,82880100
8/5/2024,198.8800049,203.8800049,182,185.2200012,100308800
8/6/2024,200.6399994,202.8999939,192.6699982,200.75,73783900
8/7/2024,191.7599945,203.4900055,191.4799957,200.7700043,71159800
8/8/2024,198.8399963,200.6999969,192.0399933,195.6999969,65033900
8/9/2024,200,200.8800049,195.1100006,197.0500031,58648300
8/12/2024,197.4900055,199.2599945,194.6699982,199.0200043,64044900
8/13/2024,207.8300018,208.4900055,197.0599976,198.4700012,76247400
8/14/2024,201.3800049,208.4400024,198.75,207.3899994,70250000
8/15/2024,214.1399994,215.8800049,204.8200073,205.0200043,89848500
8/16/2024,216.1199951,219.8000031,210.8000031,211.1499939,88765100
8/19/2024,222.7200012,222.9799957,214.0899963,217.0700073,76435200
8/20/2024,221.1000061,228.2200012,219.5599976,224.8800049,74001200
8/21/2024,223.2700043,224.6600037,218.8600006,222.6699982,70146000
8/22/2024,210.6600037,224.8000031,210.3200073,223.8200073,79514500
8/23/2024,220.3200073,221.4799957,214.2100067,214.4600067,81525200
8/26/2024,213.2100067,219.0899963,211.0099945,218.75,59301200
8/27/2024,209.2100067,215.6600037,206.9400024,213.25,62821400
8/28/2024,205.75,211.8399963,202.5899963,209.7200012,64116400
8/29/2024,206.2799988,214.8899994,205.9700012,209.8000031,62308800
8/30/2024,214.1100006,214.5700073,207.0299988,208.6300049,63370600
9/3/2024,210.6000061,219.8999939,209.6399994,215.2599945,76714200
9/4/2024,219.4100037,222.2200012,210.5700073,210.5899963,80651800
9/5/2024,230.1699982,235,222.25,223.4900055,119355000
9/6/2024,210.7299957,233.6000061,210.5099945,232.6000061,112177000
9/9/2024,216.2700043,219.8699951,213.6699982,216.1999969,67443500
9/10/2024,226.1699982,226.3999939,218.6399994,220.0700073,78891100
9/11/2024,228.1300049,228.4700012,216.8000031,224.5500031,83548600
9/12/2024,229.8099976,231.4499969,223.8300018,224.6600037,71894900
9/13/2024,230.2899933,232.6699982,226.3200073,228,59515100
9/16/2024,226.7799988,229.9600067,223.5299988,229.3000031,54323000
9/17/2024,227.8699951,234.5700073,226.5500031,229.4499969,66761600
9/18/2024,227.1999969,235.6799927,226.8800049,230.0899963,78010200
9/19/2024,243.9199982,244.2400055,232.1300049,234,102694600
9/20/2024,238.25,243.9900055,235.9199982,241.5200043,99879100
9/23/2024,250,250,241.9199982,242.6100006,86927200
9/24/2024,254.2700043,257.1900024,249.0500031,254.0800018,88491000
9/25/2024,257.019989,257.0499878,252.2799988,252.5399933,65034300
9/26/2024,254.2200012,261.75,251.5299988,260.6000061,67142200
9/27/2024,260.4599915,260.7000122,254.1199951,257.3800049,70988100
9/30/2024,261.6300049,264.8599854,255.7700043,259.0400085,80705700
10/1/2024,258.019989,263.980011,248.5299988,262.6700134,87397600
10/2/2024,249.0200043,251.1600037,241.5,247.5500031,93983900
10/3/2024,240.6600037,249.7899933,237.8099976,244.4799957,80729200
10/4/2024,250.0800018,250.9600067,244.5800018,246.6900024,86573200
10/7/2024,240.8300018,249.8300018,240.6999969,249,68113300
10/8/2024,244.5,246.2100067,240.5599976,243.5599976,56303200
10/9/2024,241.0500031,247.4299927,239.5099945,243.8200073,66289500
10/10/2024,238.7700043,242.7899933,232.3399963,241.8099976,83087100
10/11/2024,217.8000031,223.3399963,214.3800049,220.1300049,142628900
10/14/2024,219.1600037,221.9100037,213.7400055,220.1300049,86291900
10/15/2024,219.5700073,224.2599945,217.1199951,220.0099945,62988800
10/16/2024,221.3300018,222.8200073,218.9299927,221.3999939,49632800
10/17/2024,220.8899994,222.0800018,217.8999939,221.5899963,50791800
10/18/2024,220.6999969,222.2799988,219.2299957,220.7100067,49611900
10/21/2024,218.8500061,220.4799957,215.7299957,218.8999939,47329000
10/22/2024,217.9700012,218.2200012,215.2599945,217.3099976,43268700
10/23/2024,213.6499939,218.7200012,212.1100006,217.1300049,80938900
10/24/2024,260.480011,262.1199951,242.6499939,244.6799927,204491900
10/25/2024,269.1900024,269.4899902,255.3200073,256.0100098,161611900
10/28/2024,262.5100098,273.5400085,262.2399902,270,107653600
10/29/2024,259.519989,264.980011,255.5099945,264.5100098,80521800
10/30/2024,257.5499878,263.3500061,255.8200073,258.0400085,53993600
10/31/2024,249.8500061,259.75,249.25,257.9899902,66575300
11/1/2024,248.9799957,254,246.6300049,252.0399933,57544800
11/4/2024,242.8399963,248.8999939,238.8800049,244.5599976,68802400
11/5/2024,251.4400024,255.2799988,246.2100067,247.3399963,69282500
11/6/2024,288.5299988,289.5899963,275.6199951,284.6700134,165228700
11/7/2024,296.9100037,299.75,285.519989,288.8900146,117309200
11/8/2024,321.2200012,328.7099915,297.6600037,299.1400146,204782800
11/11/2024,350,358.6400146,336,346.2999878,210521600
11/12/2024,328.4899902,345.8399963,323.3099976,342.7399902,155726000
11/13/2024,330.2399902,344.6000061,322.5,335.8500061,125405600
11/14/2024,311.1799927,329.980011,310.3699951,327.6900024,120726100
11/15/2024,320.7200012,324.6799927,309.2200012,310.5700073,114440300
11/18/2024,338.7399902,348.5499878,330.0100098,340.730011,126085600
11/19/2024,346,347.3800049,332.75,335.7600098,88852500
11/20/2024,342.0299988,346.6000061,334.2999878,345,66340700
11/21/2024,339.6400146,347.9899902,335.2799988,343.8099976,58011700
11/22/2024,352.5599976,361.5299988,337.7000122,341.0899963,89140700
11/25/2024,338.5899963,361.9299927,338.2000122,360.1400146,95890900
11/26/2024,338.230011,346.9599915,335.6600037,341,62295900
11/27/2024,332.8900146,342.5499878,326.5899963,341.7999878,57896400
11/29/2024,345.1600037,345.4500122,334.6499939,336.0799866,37167600
12/2/2024,357.0899963,360,351.1499939,352.3800049,77986500
12/3/2024,351.4200134,355.6900024,348.2000122,351.7999878,58267200
12/4/2024,357.9299927,358.1000061,348.6000061,353,50810900
12/5/2024,369.4899902,375.4299927,359.5,359.8699951,81403600
12/6/2024,389.2200012,389.4899902,370.7999878,377.4200134,81455800
12/9/2024,389.7900085,404.7999878,378.0100098,397.6099854,96359200
12/10/2024,400.9899902,409.730011,390.8500061,392.6799927,97563600
12/11/2024,424.769989,424.8800049,402.3800049,409.7000122,104287600
12/12/2024,418.1000061,429.2999878,415,424.8399963,87752200
12/13/2024,436.230011,436.2999878,415.7099915,420,89000200
12/16/2024,463.019989,463.1900024,436.1499939,441.0899963,114083800
12/17/2024,479.8599854,483.9899902,457.5100098,475.8999939,131223000
12/18/2024,440.1300049,488.5400085,427.0100098,466.5,149340800
12/19/2024,436.1700134,456.3599854,420.019989,451.8800049,118566100
12/20/2024,421.0599976,447.0799866,417.6400146,425.5100098,132216200
12/23/2024,430.6000061,434.5100098,415.4100037,431,72698100
12/24/2024,462.2799988,462.7799988,435.1400146,435.8999939,59551800
12/26/2024,454.1300049,465.3299866,451.019989,465.1600037,76366400
12/27/2024,431.6600037,450,426.5,449.519989,82666800
12/30/2024,417.4100037,427,415.75,419.3999939,64941000
12/31/2024,403.8399963,427.9299927,402.5400085,423.7900085,76825100
1/2/2025,379.2799988,392.730011,373.0400085,390.1000061,109710700
1/3/2025,410.4400024,411.8800049,379.4500122,381.480011,95423300
1/6/2025,411.0499878,426.4299927,401.7000122,423.2000122,85516500
1/7/2025,394.3599854,414.3299866,390,405.8299866,75699500
1/8/2025,394.9400024,402.5,387.3999939,392.9500122,73038800
1/10/2025,394.7399902,399.2799988,377.2900085,391.3999939,62287300
1/13/2025,403.3099976,403.7900085,380.0700073,383.2099915,67580500
1/14/2025,396.3599854,422.6400146,394.5400085,414.3399963,84565000
1/15/2025,428.2200012,429.7999878,405.6600037,409.8999939,81375500
1/16/2025,413.8200073,424,409.1300049,423.4899902,68335200
1/17/2025,426.5,439.7399902,419.75,421.5,94991400
1/21/2025,424.0700073,433.2000122,406.3099976,432.6400146,87320900
1/22/2025,415.1099854,428,414.5899963,416.8099976,60963300
1/23/2025,412.3800049,420.730011,408.9500122,416.0599976,50690600
1/24/2025,406.5799866,418.8800049,405.7799988,414.4500122,56427100
1/27/2025,397.1499939,406.6900024,389,394.7999878,58125500
1/28/2025,398.0899963,400.5899963,386.5,396.9100037,48910700
1/29/2025,389.1000061,398.5899963,384.480011,395.2099915,68033600
1/30/2025,400.2799988,412.5,384.4100037,410.7799988,98092900
1/31/2025,404.6000061,419.9899902,401.3399963,401.5299988,83283600
2/3/2025,383.6799927,389.1700134,374.3599854,386.6799927,93732100
2/4/2025,392.2099915,394,381.3999939,382.6300049,57072200
2/5/2025,378.1700134,388.3900146,375.5299988,387.5100098,57223300
2/6/2025,374.3200073,375.3999939,363.1799927,373.0299988,77918200
2/7/2025,361.6199951,380.5499878,360.3399963,370.1900024,70298300
2/10/2025,350.730011,362.7000122,350.5100098,356.2099915,77514900
2/11/2025,328.5,349.3699951,325.1000061,345.7999878,118543400
2/12/2025,336.5100098,346.3999939,329.1199951,329.9400024,105382700
2/13/2025,355.9400024,358.6900024,342.8500061,345,89441500
2/14/2025,355.8399963,362,347.5,360.6199951,68277300
2/18/2025,354.1099854,359.1000061,350.019989,355.0100098,51631700
2/19/2025,360.5599976,367.3399963,353.6700134,354,67094400
2/20/2025,354.3999939,362.2999878,348,361.5100098,45965400
2/21/2025,337.7999878,354.980011,334.4200134,353.4400024,74058600
2/24/2025,330.5299988,342.3999939,324.7000122,338.1400146,76052300
2/25/2025,302.7999878,328.8900146,297.25,327.019989,134228800
2/26/2025,290.7999878,309,288.0400085,303.7099915,100118300
2/27/2025,281.9500122,297.230011,280.8800049,291.1600037,101748200
2/28/2025,292.980011,293.8800049,273.6000061,279.5,115697000
3/3/2025,284.6499939,303.9400024,277.2999878,300.3399963,115551400
3/4/2025,272.0400085,284.3500061,261.8399963,270.9299927,126706600
3/5/2025,279.1000061,279.5499878,267.7099915,272.9200134,94042900
3/6/2025,263.4500122,272.6499939,260.019989,272.0599976,98451600
3/7/2025,262.6700134,266.25,250.7299957,259.3200073,102369600
3/10/2025,222.1499939,253.3699951,220,252.5399933,189076900
3/11/2025,230.5800018,237.0599976,217.0200043,225.3099976,174896400
3/12/2025,248.0899963,251.8399963,241.1000061,247.2200012,142215700
3/13/2025,240.6799927,248.2899933,232.6000061,248.1300049,114813500
3/14/2025,249.9799957,251.5800018,240.7299957,247.3099976,100242300
3/17/2025,238.0099945,245.3999939,232.8000031,245.0599976,111900600
3/18/2025,225.3099976,230.1000061,222.2799988,228.1600037,111477600
3/19/2025,235.8600006,241.4100037,229.1999969,231.6100006,111993800
3/20/2025,236.2599945,238,230.0500031,233.3500061,99028300
3/21/2025,248.7100067,249.5200043,234.5500031,234.9900055,132728700
3/24/2025,278.3900146,278.6400146,256.3299866,258.0799866,169079900
3/25/2025,288.1400146,288.2000122,271.2799988,283.6000061,150361500
3/26/2025,272.0599976,284.8999939,266.5100098,282.6600037,153629800
3/27/2025,273.1300049,291.8500061,271.8200073,272.480011,162572100
3/28/2025,263.5499878,276.1000061,260.5700073,275.5799866,123809400
3/31/2025,259.1600037,260.5599976,243.3600006,249.3099976,134008900
4/1/2025,268.4599915,277.4500122,259.25,263.7999878,146486900
4/2/2025,282.7600098,284.9899902,251.2700043,254.6000061,212787800
4/3/2025,267.2799988,276.2999878,261.5100098,265.2900085,136174300
4/4/2025,239.4299927,261,236,255.3800049,181229400
4/7/2025,233.2899933,252,214.25,223.7799988,183453800
4/8/2025,221.8600006,250.4400024,217.8000031,245,171603500
4/9/2025,272.2000122,274.6900024,223.8800049,224.6900024,219433400
4/10/2025,252.3999939,262.4899902,239.3300018,260,181722600
4/11/2025,252.3099976,257.7399902,241.3600006,251.8399963,128948100
4/14/2025,252.3500061,261.7999878,245.9299927,258.3599854,100135200
4/15/2025,254.1100006,258.75,247.5399933,249.9100037,79594300
4/16/2025,241.5500031,251.9700012,233.8899994,247.6100006,112378700
4/17/2025,241.3699951,244.3399963,237.6799927,243.4700012,83404800
4/21/2025,227.5,232.2100067,222.7899933,230.2599945,97768000
4/22/2025,237.9700012,242.7899933,229.8500061,230.9600067,120858500
4/23/2025,250.7400055,259.4500122,244.4299927,254.8600006,150381900
4/24/2025,259.5100098,259.5400085,249.1999969,250.5,94464200
4/25/2025,284.9500122,286.8500061,259.6300049,261.6900024,167560700
4/28/2025,285.8800049,294.8599854,272.4200134,288.980011,151731800
4/29/2025,292.0299988,293.3200073,279.4700012,285.5,108906600
4/30/2025,282.1600037,284.4500122,270.7799988,279.8999939,128961100
5/1/2025,280.519989,290.8699951,279.8099976,280.0100098,99659000
5/2/2025,287.2099915,294.7799988,279.8099976,284.8999939,114454700
5/5/2025,280.2600098,284.8500061,274.3999939,284.5700073,94618900
5/6/2025,275.3500061,277.730011,271.3500061,273.1099854,76715800
5/7/2025,276.2200012,277.9200134,271,276.8800049,71592600
5/8/2025,284.8200073,289.7999878,279.4100037,279.6300049,97539400
5/9/2025,298.2600098,307.0400085,290,290.2099915,132387800
5/12/2025,318.3800049,322.2099915,311.5,321.9899902,112826700
5/13/2025,334.0700073,337.5899963,316.7999878,320,136992600
5/14/2025,347.6799927,350,337,342.5,136997300
5/15/2025,342.8200073,346.1400146,334.7200012,340.3399963,97882600
5/16/2025,349.980011,351.6199951,342.3299866,346.2399902,95895700
5/19/2025,342.0899963,343,333.3699951,336.2999878,88869900
5/20/2025,343.8200073,354.9899902,341.6300049,347.8699951,131715500
5/21/2025,334.6199951,347.3500061,332.2000122,344.4299927,102354800
5/22/2025,341.0400085,347.269989,331.3900146,331.8999939,97113400
5/23/2025,339.3399963,343.1799927,333.2099915,337.9200134,84654800
5/27/2025,362.8900146,363.7900085,347.3200073,347.3500061,120146400
5/28/2025,356.8999939,365,355.9100037,364.8399963,91404300
5/29/2025,358.4299927,367.7099915,356,365.2900085,88087800
5/30/2025,346.4599915,363.6799927,345.2900085,355.519989,123474900
6/2/2025,342.6900024,348.019989,333.3299866,343.5,81873800
6/3/2025,344.269989,355.3999939,343.0400085,346.6000061,99324500
6/4/2025,332.0499878,345.6000061,327.3299866,345.1000061,98912100
6/5/2025,284.7000122,324.5499878,273.2099915,322.4899902,287499800
6/6/2025,295.1400146,305.5,291.1400146,298.8299866,164747700
6/9/2025,308.5799866,309.8299866,281.8500061,285.9599915,140908900
6/10/2025,326.0899963,327.8299866,310.6700134,314.9400024,151256500
6/11/2025,326.4299927,335.5,322.5,334.3999939,122611400
6/12/2025,319.1099854,332.5599976,316.8599854,323.0799866,105127500
6/13/2025,325.3099976,332.9899902,313.2999878,313.9700012,128964300
6/16/2025,329.1300049,332.0499878,326.4100037,331.2900085,83925900
6/17/2025,316.3500061,327.2600098,314.7399902,326.0899963,88282700
6/18/2025,322.0499878,329.3200073,315.4500122,317.3099976,95137700
6/20/2025,322.1600037,332.3599854,317.7799988,327.9500122,108688000
6/23/2025,348.6799927,357.5400085,327.480011,327.5400085,190716800
6/24/2025,340.4700012,356.2600098,340.4400024,356.1700134,114736200
6/25/2025,327.5499878,343,320.3999939,342.7000122,119845100
6/26/2025,325.7799988,331.0499878,323.6099854,324.6099854,80440900
6/27/2025,323.6300049,329.3399963,317.5,324.5100098,89067000
6/30/2025,317.6600037,325.5799866,316.6000061,319.8999939,76695100
7/1/2025,300.7099915,305.8900146,293.2099915,298.4599915,145085700
7/2/2025,315.6499939,316.8299866,303.8200073,312.6300049,119483700
7/3/2025,315.3500061,318.4500122,312.7600098,317.9899902,58042300
7/7/2025,293.9400024,296.1499939,288.769989,291.3699951,131177900
7/8/2025,297.8099976,304.0499878,294.3500061,297,103246700
7/9/2025,295.8800049,300.1499939,293.5499878,297.5499878,75586800
7/10/2025,309.8699951,310.480011,300,300.0499878,104365300
7/11/2025,313.5100098,314.0899963,305.6499939,307.8900146,79236400
7/14/2025,316.8999939,322.6000061,312.6700134,317.730011,78043400
7/15/2025,310.7799988,321.2000122,310.5,319.6799927,77556300
7/16/2025,321.6700134,323.5,312.6199951,312.7999878,97284800
7/17/2025,319.4100037,324.3399963,317.0599976,323.1499939,73922900
7/18/2025,329.6499939,330.8999939,321.4200134,321.6600037,94255000
7/21/2025,328.4899902,338,326.8800049,334.3999939,75768800
7/22/2025,332.1099854,335.4100037,321.5499878,329.7399902,77370400
7/23/2025,332.5599976,336.2000122,328.6700134,330.8999939,92553800
7/24/2025,305.2999878,310.1499939,300.4100037,310,156966000
7/25/2025,316.0599976,323.6300049,308.0100098,308.7399902,148227000
7/28/2025,325.5899963,330.4899902,315.6900024,318.4500122,112673800
7/29/2025,321.2000122,326.25,318.25,325.5499878,87358900
7/30/2025,319.0400085,324.4500122,311.6199951,322.1799927,83931900
7/31/2025,308.269989,321.3699951,306.1000061,319.6099854,85270900
8/1/2025,302.6300049,309.3099976,297.8200073,306.2099915,89121400
8/4/2025,309.2600098,312.1199951,303,309.0799866,78683900
8/5/2025,308.7200012,312.4500122,305.5,308.9500122,57961300
8/6/2025,319.9100037,320.4700012,306.9299927,307.8900146,78523600
8/7/2025,322.269989,322.3999939,316.1600037,319.7900085,66658700
8/8/2025,329.6499939,335.1499939,320.980011,321.4299927,91200300
8/11/2025,339.0299988,346.6400146,334.1499939,335,105320200
8/12/2025,340.8399963,345.2600098,332.9400024,345,80522100
8/13/2025,339.3800049,348.980011,338.2000122,341.5,67838900
8/14/2025,335.5799866,340.4700012,330.3999939,335.7600098,75000700
8/15/2025,330.5599976,339.2999878,327.019989,337.6600037,74319800
8/18/2025,335.1600037,336.269989,329.5899963,329.6199951,56956600
8/19/2025,329.3099976,340.5499878,327.8500061,335.7900085,75956000
8/20/2025,323.8999939,331.3699951,314.6000061,329.2200012,77481800
8/21/2025,320.1099854,324.8999939,318.6799927,322.0799866,55744400
8/22/2025,340.0100098,340.25,319.6900024,321.6600037,94016300
8/25/2025,346.6000061,349.5299988,335.0299988,338.8999939,86670000
8/26/2025,351.6700134,351.8999939,343.7200012,344.9299927,76651600
8/27/2025,349.6000061,355.3900146,349.1600037,351.9400024,65519000
8/28/2025,345.980011,353.5499878,340.2600098,350.9100037,67903200
8/29/2025,333.8699951,348.75,331.7000122,347.230011,81145700
9/2/2025,329.3599854,333.3299866,325.6000061,328.230011,58392000
9/3/2025,334.0899963,343.3299866,328.5100098,335.2000122,88733300
9/4/2025,338.5299988,338.8900146,331.480011,336.1499939,60711000
9/5/2025,350.8399963,355.8699951,344.6799927,348,108989800
9/8/2025,346.3999939,358.4400024,344.8399963,354.6400146,75208300
9/9/2025,346.9700012,350.769989,343.8200073,348.4400024,53816000
9/10/2025,347.7900085,356.3299866,346.0700073,350.5499878,72121700
9/11/2025,368.8099976,368.9899902,347.6000061,350.1700134,103756000
9/12/2025,395.9400024,396.6900024,370.2399902,370.9400024,168156400
9/15/2025,410.0400085,425.7000122,402.4299927,423.1300049,163823700
9/16/2025,421.6199951,423.25,411.4299927,414.5,104285700
9/17/2025,425.8599854,428.3099976,409.6700134,415.75,106133500
9/18/2025,416.8500061,432.2200012,416.5599976,428.8699951,90454500
9/19/2025,426.0700073,429.4700012,421.7200012,421.8200073,93131000
9/22/2025,434.2099915,444.980011,429.1300049,431.1099854,97108800
9/23/2025,425.8500061,440.9700012,423.7200012,439.8800049,83422700
9/24/2025,442.7900085,444.2099915,429.0299988,429.8299866,93133600
9/25/2025,423.3900146,435.3500061,419.0799866,435.2399902,96746400
9/26/2025,440.3999939,440.4700012,421.019989,428.2999878,101628200
9/29/2025,443.2099915,450.980011,439.5,444.3500061,79491500
9/30/2025,444.7200012,445,433.1199951,441.519989,74358000
10/1/2025,459.4599915,462.2900085,440.75,443.7999878,98122300
10/2/2025,436,470.75,435.5700073,470.5400085,137009000
10/3/2025,429.8299866,446.769989,416.5799866,443.2900085,133188200
10/6/2025,453.25,453.5499878,436.6900024,440.75,85324900
10/7/2025,433.0899963,452.6799927,432.4500122,447.8200073,102296100
10/8/2025,438.6900024,441.3299866,425.230011,437.5700073,71192100
10/9/2025,435.5400085,436.3500061,426.1799927,431.8099976,69339900
10/10/2025,413.4899902,443.1300049,411.4500122,436.5400085,112107900
10/13/2025,435.8999939,436.8900146,419.7000122,423.5299988,79552800
10/14/2025,429.2399902,434.2000122,417.8599854,426.7900085,72669400
10/15/2025,435.1499939,440.5100098,426.3299866,434.8999939,71558200
10/16/2025,428.75,439.3500061,421.3099976,434.730011,77189900
10/17/2025,439.3099976,441.4599915,423.6000061,425.5,89331600
10/20/2025,447.4299927,449.7999878,440.6099854,443.8699951,63719000
10/21/2025,442.6000061,449.2999878,442.0499878,445.7600098,54412200
10/22/2025,438.9700012,445.5400085,429,443.4500122,84023500
10/23/2025,448.980011,449.3999939,413.8999939,420,126709800
10/24/2025,433.7200012,451.6799927,430.1700134,446.8299866,94727800
10/27/2025,452.4200134,460.1600037,438.6900024,439.980011,105867500
10/28/2025,460.5499878,467,451.6000061,454.7799988,80185700
10/29/2025,461.5100098,465.7000122,452.6499939,462.5,67983500
10/30/2025,440.1000061,455.0599976,439.6099854,451.0499878,72447900
10/31/2025,456.5599976,458,443.6900024,446.75,83135800
11/3/2025,468.3699951,474.0700073,453.7999878,455.9899902,84595200
11/4/2025,444.2600098,460.2200012,443.6000061,454.4599915,87756600
11/5/2025,462.0700073,466.3299866,440.7099915,452.0499878,85573000
11/6/2025,445.9100037,467.4500122,435.0899963,461.9599915,109622900
11/7/2025,429.519989,439.3599854,421.8800049,437.9200134,103471500
11/10/2025,445.230011,449.6700134,433.3599854,439.6000061,76515900
11/11/2025,439.6199951,442.4899902,432.3599854,439.3999939,60533200
11/12/2025,430.6000061,442.3299866,426.5599976,442.1499939,58513500
11/13/2025,401.9899902,424.5,396.3399963,423.1300049,118948000
11/14/2025,404.3500061,412.1900024,382.7799988,386.2999878,105506700
11/17/2025,408.9200134,423.9599915,398.7399902,398.7399902,102214300
11/18/2025,401.25,408.8999939,393.7099915,405.3800049,80688600
11/19/2025,403.9899902,411.7799988,398.5,406.1799927,72047700
11/20/2025,395.230011,428.9400024,394.7399902,414.6300049,113548800
11/21/2025,391.0899963,402.7999878,383.7600098,402.3200073,100460600
11/24/2025,417.7799988,421.7200012,401.0899963,402.1700134,96806400
11/25/2025,419.3999939,420.480011,405.9500122,414.4200134,71915600
11/26/2025,426.5799866,426.9400024,416.8900146,423.9500122,63463000
11/28/2025,430.1700134,432.9299927,426.2000122,426.5899963,36252900
12/1/2025,430.1400146,433.6600037,425.2900085,425.3200073,57463600
12/2/2025,429.2399902,436.7999878,422.1199951,430.8099976,69336600
12/3/2025,446.7399902,447.9200134,431.1099854,432.1000061,87483000
12/4/2025,454.5299988,454.6300049,445.3900146,449.9400024,71906500
12/5/2025,455,458.8699951,451.6600037,453.0299988,56427500
12/8/2025,439.5799866,449.75,435.25,447.4500122,69165800
12/9/2025,445.1700134,452.3900146,435.7000122,437.5400085,62367400
12/10/2025,451.4500122,456.8800049,443.6099854,446.0700073,63257500
12/11/2025,446.8900146,449.269989,440.3299866,448.9500122,55979500
12/12/2025,458.9599915,463.0100098,441.6700134,448.0899963,95656700
12/15/2025,475.3099976,481.769989,467.6600037,469.4400024,114542200
12/16/2025,489.8800049,491.5,465.8299866,472.2099915,107608100
12/17/2025,467.2600098,495.2799988,466.2000122,488.2200012,106490400
12/18/2025,483.3699951,490.8599854,473.1199951,478.1600037,95168400
12/19/2025,481.2000122,490.4899902,474.7200012,488.1199951,103305400
12/22/2025,488.730011,498.8299866,485.3299866,489.8800049,86916100
12/23/2025,485.5599976,491.9700012,482.8399963,489.3999939,58223600
12/24/2025,485.3999939,490.8999939,476.7999878,488.480011,41285400
12/26/2025,475.1900024,489.0899963,473.8200073,485.230011,58780700
12/29/2025,459.6400146,469.3999939,459,469,66263000
12/30/2025,454.4299927,463.1199951,453.8299866,461.0899963,59238500
12/31/2025,449.7200012,456.5499878,449.2999878,456.1000061,49078000
1/2/2026,438.0700073,458.3399963,435.2999878,457.7999878,85535400
1/5/2026,451.6700134,457.5499878,444.5700073,447.9899902,67940800
1/6/2026,432.9599915,448.25,428.7799988,446.3800049,89093800
1/7/2026,431.4100037,438.3699951,431.2900085,435.8999939,59828800
1/8/2026,435.7999878,436.8900146,424.3699951,427.8900146,57041100
1/9/2026,445.0100098,449.0499878,430.3900146,435.9500122,67331500
1/12/2026,448.9599915,454.2999878,438,441.230011,61649600
1/13/2026,447.2000122,451.8099976,443.9500122,450.2000122,53719200
1/14/2026,439.2000122,443.9100037,434.2200012,442.8099976,57259500
1/15/2026,438.5700073,445.3599854,437.6499939,441.1300049,49465800
1/16/2026,437.5,447.25,435.2600098,439.5,60220600
1/20/2026,419.25,430.730011,417.4400024,429.3599854,63187300
1/21/2026,431.4400024,438.2000122,419.6199951,421.6600037,68124000
1/22/2026,449.3599854,449.5,432.6300049,435.1600037,71546700
1/23/2026,449.0599976,452.4299927,444.0400085,447.4299927,56771400
1/26/2026,435.2000122,445.0400085,434.2799988,445,49397400
1/27/2026,430.8999939,437.519989,430.6900024,437.4100037,37733100
1/28/2026,431.4599915,438.2600098,430.1000061,431.9100037,54857400
1/29/2026,416.5599976,440.230011,414.6199951,437.7999878,81686100
1/30/2026,430.4100037,439.8800049,422.7000122,425.3500061,82626100
2/2/2026,421.8099976,427.1499939,414.5,421.2900085,58739500
2/3/2026,421.9599915,428.5599976,413.6900024,424.269989,56886500
2/4/2026,406.0100098,423.8999939,399.1799927,420.4599915,74606900
2/5/2026,397.2099915,402.1000061,387.5299988,397.019989,72819800
2/6/2026,411.1099854,414.5499878,397.75,400.8699951,62677100
2/9/2026,417.3200073,421.25,407.2900085,409.9100037,54484300
2/10/2026,425.2099915,427.25,417,418.0799866,64450200
2/11/2026,428.269989,436.3500061,420.0299988,427.9599915,57362000
2/12/2026,417.0700073,436.230011,414,430.2999878,61933400
2/13/2026,417.4400024,424.0599976,410.8800049,414.3099976,51434100
2/17/2026,410.6300049,413.7200012,400.5100098,412.3599854,59678800
2/18/2026,411.3200073,416.8999939,409.5799866,411.1099854,45921400
2/19/2026,411.7099915,415.25,404.1099854,407.25,51019600
2/20/2026,411.8200073,414.7000122,405.5,408.2999878,57912200
2/23/2026,399.8299866,407.7000122,394.0400085,407.2900085,69680000
2/24/2026,409.3800049,410.8200073,397.6400146,399.5,58579500
2/25/2026,417.3999939,420.3399963,412.1499939,412.1499939,54809700
2/26/2026,408.5799866,416.8099976,403.6600037,414.4200134,53602500
2/27/2026,402.5100098,407.1199951,398.1099854,402.9400024,56890100
3/2/2026,403.3200073,404.5400085,388.25,390.6000061,55088300
3/3/2026,392.4299927,396.3399963,385.3900146,395.0899963,62617300
3/4/2026,405.9400024,408.3299866,394.5799866,397.8500061,68305500
3/5/2026,405.5499878,408.6199951,399.4200134,401.5700073,51925900
3/6/2026,396.730011,402.3500061,394.2099915,398.0899963,64054600
3/9/2026,398.6799927,401.5899963,381.3999939,390.0499878,67018900
3/10/2026,399.2399902,406.5899963,398.1900024,402.2200012,59258700
3/11/2026,407.8200073,416.3800049,402.1499939,402.2799988,62559900
3/12/2026,395.0100098,406.5,394.6499939,405.1799927,60973800
3/13/2026,391.2000122,400.2000122,389.9500122,399.1700134,58504100
3/16/2026,395.5599976,403.730011,394.4200134,396.2200012,58068300
3/17/2026,399.269989,400.1199951,393,395.6900024,46890500
3/18/2026,392.7799988,403.0700073,392.3099976,399,50853100
3/19/2026,380.2999878,387.269989,378.730011,387.269989,67078300
3/20/2026,367.9599915,379.8900146,364.4599915,379.8500061,78628600
3/23/2026,380.8500061,385.3299866,372.730011,373.0899963,74606000
3/24/2026,383.0299988,387.480011,376.3099976,376.5599976,60004900
3/25/2026,385.9500122,396.230011,385.0100098,389.9899902,55157300
3/26/2026,372.1099854,384.4400024,371.8699951,381.6000061,55522900
3/27/2026,361.8299866,369.8599854,359.4700012,369.6900024,62065700
3/30/2026,355.2799988,367.2900085,352.1400146,365.8599854,67954400
3/31/2026,371.75,373.3299866,361,361.5100098,75534900
4/1/2026,381.2600098,383.1400146,374.0799866,378.6300049,58683800
4/2/2026,360.5899963,370.2799988,359.0299988,364.2000122,83031200
4/6/2026,352.8200073,367.7200012,346.6400146,362.5899963,77697600
4/7/2026,346.6499939,348.019989,337.2399902,346.4400024,74515400
4/8/2026,343.25,364.5,339.6700134,363.7900085,78838600
4/9/2026,345.6199951,348.8800049,337.25,343.1499939,62164000
4/10/2026,348.9500122,350.3599854,342.7399902,346.2900085,51336000
4/13/2026,352.4200134,356.3500061,348.5700073,350.0700073,53617500
4/14/2026,364.2000122,367.6300049,354.769989,357.6700134,59979600
4/15/2026,391.9500122,394.6499939,362.5,366.8299866,113810400
4/16/2026,388.8999939,394.0599976,381.7999878,393.8099976,63515100
4/17/2026,400.6199951,409.2799988,391.6499939,395.9200134,90640000
4/20/2026,392.5,406.7999878,388.3299866,402.5799866,64603900
4/21/2026,386.4200134,393.9500122,385.2200012,393,50530600
4/22/2026,387.5100098,393.0100098,385.2999878,387.5700073,62362800
4/23/2026,373.7200012,386,368.3900146,375.2799988,93969500
4/24/2026,376.2999878,382.7600098,370.730011,373.5,62893300
4/27/2026,378.6700134,380.7799988,364.019989,372.0899963,66735800
4/28/2026,376.019989,382.2900085,372.5400085,374.6799927,50864400
4/29/2026,372.7999878,376.3999939,370.0400085,375.3999939,45384800
4/30/2026,381.6300049,384.75,368.1700134,372.75,51076000
5/1/2026,390.8200073,397.8200073,378.7999878,382.4899902,65338300
5/4/2026,392.5100098,394.6400146,384.7999878,390.230011,48765100
5/5/2026,389.3699951,402.1199951,389,395.1900024,47780600
5/6/2026,398.730011,401.6799927,384.019989,386.25,53465400
5/7/2026,411.7900085,415.8299866,402.1199951,407.480011,64294200
5/8/2026,428.3500061,431.2000122,416.3900146,416.480011,65050000
5/11/2026,445,449.1600037,416.7999878,422.1600037,78376100
5/12/2026,433.4500122,447.7999878,422.2600098,441.4100037,60569300
5/13/2026,445.269989,453.3999939,430.2099915,436.6700134,68283200
5/14/2026,443.2999878,451.980011,441.1600037,446.4899902,46070400
5/15/2026,422.2399902,434.6600037,422,433.980011,52688700
5/18/2026,409.9899902,421.1300049,405.3299866,419.269989,52474200
5/19/2026,404.1099854,405.6300049,393.6300049,403.1600037,46500600
5/20/2026,417.2600098,417.4599915,406.3900146,407.6000061,45294700
5/21/2026,417.8500061,426.9500122,412.8999939,422.1799927,42636900
5/22/2026,426.0100098,431.5100098,420.5100098,422.6700134,46104700
5/26/2026,433.5899963,435.2000122,426.1199951,430.2600098,45658900
5/27/2026,440.3599854,445.6000061,435.519989,442.8900146,44656500
5/28/2026,442.1000061,443.9599915,436.2999878,437.6199951,32435000
5/29/2026,435.7900085,441.0700073,428.1400146,439.8500061,45176800
6/1/2026,415.8800049,429.6000061,415.4299927,427.4899902,44937900
6/2/2026,423.7399902,424.4200134,413.6499939,418.2200012,37596000
6/3/2026,423.7000122,433.6000061,416,418.7000122,44500700
6/4/2026,418.4500122,426.3500061,417.1600037,419.8399963,35323300
6/5/2026,391,424.6799927,388.5899963,420.5,63420200
6/8/2026,408.9500122,412.9400024,394.7200012,396.3299866,50328800
6/9/2026,396.6799927,418.5,384.2399902,411.0299988,59940200
6/10/2026,381.5899963,397.0899963,380.1499939,391.5400085,49695600
6/11/2026,399.1499939,399.5400085,380.6600037,388.2799988,45324300
6/12/2026,406.4299927,406.6799927,386.7600098,399.4899902,63514500
6/15/2026,411.1499939,416,407.1000061,412.3699951,45620500
6/16/2026,404.6600037,412.4200134,400.5400085,404.1099854,40255500
6/17/2026,396.3800049,405.9400024,393.7600098,401.5299988,43534300
6/18/2026,400.4899902,402.519989,384.7000122,398.1000061,58384700
6/22/2026,405.0499878,414.75,394.3999939,394.8500061,47819500
6/23/2026,381.6099854,392.8699951,379.0599976,392.6099854,50420200
6/24/2026,375.5299988,384.5799866,373.0499878,380.0799866,37081400
6/25/2026,375.1199951,379.1199951,371.2200012,375.269989,30138800
6/26/2026,379.7099915,387.7999878,368.6000061,370.1499939,53434100
6/29/2026,411.8399963,413.269989,379.2999878,381.7900085,57645800
6/30/2026,420.6000061,424.5400085,406,406,43385600
7/1/2026,425.2999878,432.8599854,418.0899963,421.4599915,40127900
7/2/2026,393.4500122,432.3500061,389.2999878,428.0100098,73717700
7/6/2026,419.769989,420,390.5,397.5,54727900
7/7/2026,402.8999939,419.5599976,401.8800049,416.9599915,38149900
7/8/2026,394.0599976,399.6300049,390.5100098,399.3800049,33844900
7/9/2026,406.5499878,407.8599854,390.8599854,393.9899902,37835000
7/10/2026,407.7600098,413.1600037,402.8099976,410.4899902,33410000
7/13/2026,394.7600098,405.5700073,391.3699951,404.6099854,32809200
7/14/2026,396.1799927,402.2200012,394.7600098,399.0499878,23385000
7/15/2026,394.4599915,406.5899963,390.6600037,399.3999939,31549800
7/16/2026,391.0599976,395.3099976,385.3200073,392.3500061,29269100
7/17/2026,380.8399963,385.6900024,377.2200012,381.7799988,31394600
7/20/2026,369.5700073,386.6099854,369.4299927,386.0499878,33901500
7/21/2026,378.9299927,384.0700073,369.980011,371.1700134,32735300
7/22/2026,374.0100098,380.1700134,372.8999939,375.5299988,30646100
7/23/2026,319.6900024,342.1099854,315.7399902,341,115606400
7/24/2026,313.0299988,322.9599915,306.5100098,320.7200012,62760000
7/27/2026,309.2200012,317,304.2799988,313.2399902,44919400
7/28/2026,307.4400024,311.1600037,300.6900024,305.9299927,39802400
7/29/2026,298.3200073,309.0599976,297.3800049,307.1400146,39478000
7/30/2026,308.8500061,310.8699951,301.3299866,302.7000122,37854500
