Actual,Predicted
308.8500061,304.6018873445866
355.6666565,341.9436346163574
270.3599854,269.8448948244475
371.3333435,363.2331191129553
468.3699951,461.02478765915646
213.6499939,215.97832452630573
233.0,225.19353666804574
250.2100067,245.26214537664976
267.2799988,267.9859207955615
241.5500031,244.71346142820107
259.5100098,253.11860603493437
309.2600098,307.920853945033
375.5299988,378.7680989695053
180.1399994,178.82434661063127
222.1100006,221.77052599884826
235.8600006,234.25613608620677
205.6600037,202.87892762701546
270.2099915,277.28755172643673
238.8300018,235.27483760023202
376.019989,376.09823093166443
319.1099854,324.1991504285392
113.0599976,107.39285147148391
252.6399994,258.1200247534087
209.1399994,211.7182877410776
413.4899902,430.42082314356315
196.8800049,195.94783022940334
242.8399963,244.0228843715313
230.0399933,235.3564483058735
180.7400055,182.00122634160851
258.4066772,257.83691222671604
172.0800018,169.87989659184154
226.7799988,227.42108163270242
189.5599976,188.77465972812465
185.5200043,188.6523063789934
175.3399963,179.73165836119995
186.9199982,189.87005036807687
244.6666718,259.3096303132398
423.7399902,418.226914347
359.2000122,363.41474836204975
227.2633362,226.40213601966417
423.7000122,422.3212530840245
190.9299927,187.21828906052008
341.8299866,345.668765390115
312.4700012,316.3833663534013
256.5299988,256.96887247981874
439.2000122,439.8431815784281
224.5700073,227.90569078168716
244.1300049,244.79273392625709
215.7366638,221.64605383267977
177.5500031,176.0939148320797
174.6000061,172.45634946347957
197.8800049,199.4466268605582
234.2100067,239.36391162575637
266.5,264.50652018582895
395.5599976,397.71956110446746
295.8800049,296.9151784895933
459.4599915,448.7908281754348
171.0500031,172.11329091238395
282.1600037,278.5975561790763
190.8999939,189.43359363072727
265.2799988,268.8180882763717
219.2700043,221.99313989164696
125.3499985,132.5424676909091
372.0,363.73734018741953
303.2266541,299.39299190678696
166.6600037,175.721496383516
262.6700134,258.88774160758646
379.019989,369.7642460776258
408.5799866,411.2165220785675
263.980011,263.5106155699579
444.7200012,439.5243058778289
363.0033264,359.81421098802053
252.0800018,254.75877478601916
275.3299866,279.9766842700557
390.8200073,386.1109271274261
174.4799957,170.17937111065743
220.1900024,225.52640813833312
207.6699982,212.30581300276975
185.8999939,183.6772701505239
396.1799927,398.06462912377395
183.1999969,176.8145469479402
200.8399963,197.90742131749545
256.4899902,249.54925869005348
207.2799988,208.87870375541854
157.1100006,156.38316247078473
357.0899963,354.2820405871764
283.7000122,276.16924250654
285.8800049,285.83497123152927
342.6900024,341.48498280163386
178.0099945,182.98025426196511
275.3500061,273.9355907950789
411.1099854,404.0677332884898
256.8999939,255.2848425878564
254.1100006,255.25870205447663
260.5100098,264.4040382885151
265.2799988,270.1866588464509
177.2899933,173.9697752791263
247.6666718,243.68915601279457
251.9433289,248.6544698685056
112.7099991,112.56584585544333
131.4900055,128.1900063337592
435.8999939,426.44578738507886
212.0800018,210.28726148081634
361.5333252,363.01249726467785
214.4400024,208.30478530157316
361.8299866,366.0214723281115
416.5599976,430.70778875532716
181.1900024,181.78027513837463
219.5700073,220.35237806200774
437.5,440.2343555790787
322.0499878,320.6586002623739
417.7799988,408.21990497108914
301.8866577,305.2922814534914
207.5200043,204.33521967136713
173.4400024,172.3027376080955
340.4700012,351.00374028247217
190.7200012,187.34110048098012
394.7600098,400.0158745069048
240.8099976,241.6957666158059
225.6000061,229.28515194407908
341.1666565,373.99892937525743
321.6700134,316.2640804833806
258.8699951,261.7605945597448
354.7999878,351.77960770391303
239.1999969,244.72272774108654
184.5099945,180.79128192598154
345.980011,348.00828873836383
209.8600006,205.39452396332047
246.7899933,250.87392214516132
327.5499878,335.52853131472915
380.8399963,381.03195147485707
188.8600006,187.64173289223163
399.9266663,387.18324372240403
344.269989,348.2782143858045
316.8999939,317.5087171498498
202.6399994,201.19639498673519
308.6333313,309.6800908954587
445.0,429.23501824041534
233.5899963,237.40736646538284
182.8600006,183.48780680584372
255.456665,259.64662970497284
194.7599945,194.32367742408331
156.8000031,159.1376748455732
308.730011,308.352060982461
187.2899933,189.11020944291982
197.5800018,191.89975159126024
188.1399994,195.4459495577209
252.9400024,251.00364966865789
265.25,267.954915651509
429.519989,432.9213369917512
290.0366821,286.3449276561334
296.6666565,297.0514995285183
417.3999939,414.4209555848551
288.6000061,287.66249357205197
362.706665,377.4927161871208
346.6499939,343.6893648747532
392.4299927,391.9211056408105
249.4400024,250.18470150168497
180.1300049,183.04491957063857
309.0700073,302.36178343886803
440.1000061,448.2254334376117
249.8500061,255.54730381321394
239.3699951,243.0936512830801
259.519989,261.6093160342097
166.6300049,165.53864071318054
374.0100098,375.661901349821
200.0,197.56915859442802
244.3999939,248.47169845941895
262.3299866,256.07846813405075
213.9700012,212.84902538043858
219.2200012,224.08804335095704
194.7700043,198.81207531512345
240.5,241.6869507143591
411.7099915,408.42647439482806
410.0400085,417.3665880417872
381.5899963,389.22687664653006
253.2100067,244.8893354346813
378.9299927,374.60785057841565
381.8166809,367.9027600900255
263.5499878,270.9728312180932
231.7333374,230.76715999955294
258.8599854,263.24053219777346
291.0933228,304.82214694416007
271.706665,261.43936739513293
239.7400055,241.24993797739614
160.6699982,160.9695749425578
173.8600006,170.34990773633157
224.6399994,222.78616789010283
252.7533264,254.21842749468544
308.269989,315.6281307379107
185.0,184.1869810824711
395.9400024,379.6755154898167
286.6300049,293.38831203783747
318.3800049,318.6084699238504
228.7233276,232.2643095787924
293.2966614,289.11530834821116
276.0100098,275.2416319573359
322.269989,319.19337197701304
262.8999939,274.43663123611213
445.0100098,438.1294370617624
179.8300018,179.82171715915848
240.0666656,240.06220471726996
254.2200012,257.8410980745289
187.0399933,186.47330572901456
172.6300049,170.93407407972066
238.1300049,239.7017674581141
258.019989,258.4333748553092
349.980011,346.6183741309229
189.9799957,189.82954420733176
432.9599915,440.93009305744175
392.7799988,397.69727544328856
340.0100098,327.20726601326714
286.6666565,297.35737216357774
291.2600098,295.1835023602995
161.1999969,161.89719323395826
241.0500031,250.29768616098116
118.8499985,120.22035635774955
238.4499969,242.52371588814998
173.2200012,167.96974053862493
256.2399902,253.2294108887789
290.5333252,281.19366508968
285.6600037,289.94727115778414
227.2200012,229.05647371057145
269.6099854,273.19645887665615
181.0599976,181.68737012224824
488.730011,490.9910489786193
383.0299988,379.7681852901532
197.4199982,195.94001592387193
372.1099854,378.9467765499383
390.6666565,390.53778751375256
276.0400085,272.86142676015464
198.8800049,190.63965767110224
292.0299988,286.1947264084776
246.7200012,239.61383873969035
234.3000031,232.32099626327454
329.6499939,325.79069575173304
308.9733276,323.4729497975804
332.6733398,328.9888816546517
279.8200073,278.74355295392974
407.7600098,408.27367379274693
337.9733276,335.6713592628756
438.9700012,439.0715402800844
235.4499969,234.81424766132454
213.1000061,219.08843664439308
419.25,425.46178686584443
252.3300018,250.73163291855525
267.2966614,259.64143940686995
143.75,139.33692447917232
184.8600006,185.33523344121684
247.5,246.96703489370424
180.1100006,181.6692708120084
